provincia,year,pop,deflactor,res_pri,res_tot,gas_tot,gas_cor,gas_cap,trf_cor,trf_copa,res_pri_cte,res_tot_cte,gas_tot_cte,gas_cor_cte,gas_cap_cte,trf_cor_cte,trf_copa_cte
Buenos Aires,1984,,,-5696,14808,143140,120714,22426,14876,34208,,,,,,,
C.A.B.A.,1984,,,-13759,-3464,64157,53497,10660,0,7796,,,,,,,
Catamarca,1984,,,-1570,-318,9986,8470,1516,5041,2809,,,,,,,
Chaco,1984,,,-1257,2913,18791,14445,4346,8579,6180,,,,,,,
Chubut,1984,,,93,2944,9379,6385,2994,988,3170,,,,,,,
Córdoba,1984,,,-4989,2263,43381,35987,7394,13281,10894,,,,,,,
Corrientes,1984,,,-3699,3570,20587,13168,7419,5644,8977,,,,,,,
Entre Ríos,1984,,,43,6290,22823,16388,6435,8759,5564,,,,,,,
Formosa,1984,,,-1196,4570,15496,9463,6033,6959,6033,,,,,,,
Jujuy,1984,,,-3848,-226,15973,12050,3923,5104,4220,,,,,,,
La Pampa,1984,,,-1014,1494,8968,5987,2981,3287,2378,,,,,,,
La Rioja,1984,,,-1826,-244,8336,6569,1767,3458,2474,,,,,,,
Mendoza,1984,,,-3581,-445,24335,21069,3266,5158,5694,,,,,,,
Misiones,1984,,,-7,5846,16442,10296,6146,6892,7168,,,,,,,
Neuquén,1984,,,-2364,6106,18448,9659,8789,2751,3412,,,,,,,
Río Negro,1984,,,-2305,1731,15555,11288,4267,3471,4777,,,,,,,
Salta,1984,,,-4836,-1637,22488,18925,3563,5644,6146,,,,,,,
San Juan,1984,,,-3714,1846,16953,10874,6079,7126,4262,,,,,,,
San Luis,1984,,,-1381,1185,9186,6423,2763,4120,3015,,,,,,,
Santa Cruz,1984,,,-939,3662,13277,8608,4669,1114,3932,,,,,,,
Santa Fe,1984,,,-10628,-4896,53756,47966,5790,14223,11958,,,,,,,
Santiago del Estero,1984,,,-763,1913,14537,11380,3157,6603,5531,,,,,,,
Tierra del Fuego,1984,,,78,3160,5167,1658,3509,360,1419,,,,,,,
Tucumán,1984,,,-3521,-1407,20282,17874,2408,6888,5874,,,,,,,
Buenos Aires,1985,,,-91072,25940,1042286,919784,122502,0,370,,,,,,,
C.A.B.A.,1985,,,37708,62594,377238,352096,25142,0,39,,,,,,,
Catamarca,1985,,,-5745,-4942,87406,76071,11335,14161,52,,,,,,,
Chaco,1985,,,-11323,22554,137338,101824,35514,6358,102,,,,,,,
Chubut,1985,,,-6944,18198,95658,69488,26170,3596,33,,,,,,,
Córdoba,1985,,,-27067,32210,331031,269282,61749,3500,187,,,,,,,
Corrientes,1985,,,-33557,-4979,137306,107539,29767,7996,84,,,,,,,
Entre Ríos,1985,,,2187,32307,144274,112902,31372,3372,95,,,,,,,
Formosa,1985,,,-10459,10799,96172,73181,22991,3340,73,,,,,,,
Jujuy,1985,,,-4896,19893,98002,69359,28643,4367,67,,,,,,,
La Pampa,1985,,,-1433,22618,79667,45276,34391,2697,45,,,,,,,
La Rioja,1985,,,-11417,10419,71222,48038,23184,8541,46,,,,,,,
Mendoza,1985,,,-3034,32160,177156,141384,35772,4913,86,,,,,,,
Misiones,1985,,,20,29273,103236,72892,30344,7321,79,,,,,,,
Neuquén,1985,,,10935,65395,129567,72956,56611,8959,38,,,,,,,
Río Negro,1985,,,-9557,20370,118842,86956,31886,7578,56,,,,,,,
Salta,1985,,,-22025,13105,163091,125008,38083,2376,83,,,,,,,
San Juan,1985,,,4534,24539,100057,69970,30087,11399,71,,,,,,,
San Luis,1985,,,1142,16330,58313,41712,16601,3243,47,,,,,,,
Santa Cruz,1985,,,-2800,29407,105227,71993,33234,1509,33,,,,,,,
Santa Fe,1985,,,-26033,16931,363945,318411,45534,4078,188,,,,,,,
Santiago del Estero,1985,,,606,23629,99929,72827,27102,6230,81,,,,,,,
Tierra del Fuego,1985,,,-286,24439,48166,23345,24821,2280,15,,,,,,,
Tucumán,1985,,,-7333,10103,152751,131976,20775,8670,94,,,,,,,
Buenos Aires,1986,,,-96106,165220,2141118,1846739,294379,51691,780,,,,,,,
C.A.B.A.,1986,,,153160,237228,762300,675022,87278,169,77,,,,,,,
Catamarca,1986,,,-14465,4792,140264,116558,23706,9685,101,,,,,,,
Chaco,1986,,,-36736,34268,291226,216111,75115,17624,195,,,,,,,
Chubut,1986,,,-3508,58656,205243,140151,65092,16611,67,,,,,,,
Córdoba,1986,,,-45961,83379,677275,539770,137505,12106,368,,,,,,,
Corrientes,1986,,,-39462,27319,269209,199781,69428,37445,162,,,,,,,
Entre Ríos,1986,,,-7883,76579,336047,245222,90825,15710,192,,,,,,,
Formosa,1986,,,-29286,30963,217518,151356,66162,24832,141,,,,,,,
Jujuy,1986,,,-10820,24767,182101,134858,47243,3773,119,,,,,,,
La Pampa,1986,,,-4899,40936,159746,95837,63909,4674,87,,,,,,,
La Rioja,1986,,,-40414,19441,178835,114700,64135,38796,83,,,,,,,
Mendoza,1986,,,-48443,22111,459531,378616,80915,39754,166,,,,,,,
Misiones,1986,,,-5481,58429,215998,147640,68358,16780,153,,,,,,,
Neuquén,1986,,,272,169703,340946,165039,175907,25339,85,,,,,,,
Río Negro,1986,,,-20520,46881,278951,194826,84125,10642,129,,,,,,,
Salta,1986,,,-96238,274,402547,293253,109294,12331,166,,,,,,,
San Juan,1986,,,-8379,42130,220447,148428,72019,25226,137,,,,,,,
San Luis,1986,,,7255,35240,119148,86377,32771,1971,102,,,,,,,
Santa Cruz,1986,,,-9242,56638,226584,159690,66894,3660,65,,,,,,,
Santa Fe,1986,,,-68939,50434,794002,669223,124779,21341,385,,,,,,,
Santiago del Estero,1986,,,9552,52008,197529,140207,57322,8840,162,,,,,,,
Tierra del Fuego,1986,,,-8654,51765,110139,49044,61095,1520,31,,,,,,,
Tucumán,1986,,,-26839,14716,300348,254626,45722,18638,177,,,,,,,
Buenos Aires,1987,,,-741929,69333,5086167,4256635,829532,171323,1873,,,,,,,
C.A.B.A.,1987,,,115798,326598,1773534,1548042,225492,128,190,,,,,,,
Catamarca,1987,,,-40494,18147,363599,295632,67967,47015,242,,,,,,,
Chaco,1987,,,-143515,67286,769102,544121,224981,46121,486,,,,,,,
Chubut,1987,,,-41019,101686,465294,315179,150115,44332,157,,,,,,,
Córdoba,1987,,,-160696,135319,1612048,1293804,318244,151010,797,,,,,,,
Corrientes,1987,,,-48940,111268,597268,432205,165063,75760,400,,,,,,,
Entre Ríos,1987,,,-122138,138872,901076,618476,282600,44460,474,,,,,,,
Formosa,1987,,,-46152,115334,525723,344563,181160,37178,390,,,,,,,
Jujuy,1987,,,-99021,7785,492634,366026,126608,31173,257,,,,,,,
La Pampa,1987,,,4728,105657,322333,209778,112555,17758,174,,,,,,,
La Rioja,1987,,,-136959,-44079,456862,356317,100545,84320,202,,,,,,,
Mendoza,1987,,,-38943,193704,970193,720043,250150,38327,517,,,,,,,
Misiones,1987,,,-7834,150203,524829,352356,172473,58385,374,,,,,,,
Neuquén,1987,,,-28110,312620,742912,387362,355550,48165,221,,,,,,,
Río Negro,1987,,,-27760,188406,630740,410230,220510,50848,336,,,,,,,
Salta,1987,,,-291174,-36042,1079298,808835,270463,94796,456,,,,,,,
San Juan,1987,,,-5855,145154,526234,341113,185121,81893,339,,,,,,,
San Luis,1987,,,6581,94990,305724,211695,94029,20697,243,,,,,,,
Santa Cruz,1987,,,-49123,129483,532622,350440,182182,28873,173,,,,,,,
Santa Fe,1987,,,-385406,27762,1985357,1559157,426200,96840,891,,,,,,,
Santiago del Estero,1987,,,11300,154389,522530,318373,204157,37178,386,,,,,,,
Tierra del Fuego,1987,,,5131,159846,310324,147177,163147,4855,124,,,,,,,
Tucumán,1987,,,-192727,-166792,910402,790821,119581,59152,395,,,,,,,
Buenos Aires,1988,,,-4625791,-1431811,22912113,19631263,3280850,34870,8861,,,,,,,
C.A.B.A.,1988,,,-157605,933768,8056220,6952000,1104220,0,822,,,,,,,
Catamarca,1988,,,-143610,17282,1348311,1164172,184139,29976,1034,,,,,,,
Chaco,1988,,,-503968,140824,2967019,2300816,666203,40988,2135,,,,,,,
Chubut,1988,,,-309207,284196,1977808,1370334,607474,21411,712,,,,,,,
Córdoba,1988,,,-1210052,-59338,7381453,5958507,1422946,83811,3294,,,,,,,
Corrientes,1988,,,-210540,243383,2248205,1772870,475335,43435,1611,,,,,,,
Entre Ríos,1988,,,-765449,185833,3807572,2716810,1090762,52611,1955,,,,,,,
Formosa,1988,,,-388459,63018,2278793,1659083,619710,52611,1517,,,,,,,
Jujuy,1988,,,-507556,-218195,2421332,1936821,484511,39764,1346,,,,,,,
La Pampa,1988,,,-54658,413336,1449863,973304,476559,35482,768,,,,,,,
La Rioja,1988,,,-406416,-117055,1604025,1281018,323007,90540,988,,,,,,,
Mendoza,1988,,,-383334,809591,4556973,3283908,1273065,11012,2368,,,,,,,
Misiones,1988,,,-107927,394325,1939880,1419887,519993,36705,1471,,,,,,,
Neuquén,1988,,,57234,1332746,3175627,1854234,1321393,34258,924,,,,,,,
Río Negro,1988,,,-434312,376877,2846503,1967409,879094,89316,1319,,,,,,,
Salta,1988,,,-85406,473739,3678491,3055111,623380,76470,2106,,,,,,,
San Juan,1988,,,-106558,-142651,2543071,1892774,650297,74023,1431,,,,,,,
San Luis,1988,,,-65114,286646,1281018,887659,393359,30588,981,,,,,,,
Santa Cruz,1988,,,-303052,272611,2439073,1860351,578722,36705,776,,,,,,,
Santa Fe,1988,,,-1970528,-1516604,9323168,8006056,1317112,53223,3597,,,,,,,
Santiago del Estero,1988,,,-47295,451898,1983314,1298147,685167,45882,1504,,,,,,,
Tierra del Fuego,1988,,,36930,426007,1055892,660085,395807,12235,353,,,,,,,
Tucumán,1988,,,-93156,-54615,3630162,3132805,497357,117457,2358,,,,,,,
Buenos Aires,1989,,,-66565,-12108,619931,557816,62115,4541,270176,,,,,,,
C.A.B.A.,1989,,,-1424,34990,267637,230789,36848,0,29561,,,,,,,
Catamarca,1989,,,-10674,-7846,49523,45064,4459,2168,33235,,,,,,,
Chaco,1989,,,-7399,10354,84203,66058,18145,3468,66244,,,,,,,
Chubut,1989,,,-17826,175,62755,44465,18290,1445,21469,,,,,,,
Córdoba,1989,,,-8051,15193,166920,142932,23988,3179,102720,,,,,,,
Corrientes,1989,,,-11393,2851,71115,56397,14718,1156,52227,,,,,,,
Entre Ríos,1989,,,469,9634,92522,80797,11725,702,62714,,,,,,,
Formosa,1989,,,-9247,2540,67255,51195,16060,1094,48552,,,,,,,
Jujuy,1989,,,-20333,-14884,76771,66182,10589,1486,39511,,,,,,,
La Pampa,1989,,,5477,15571,40048,29747,10301,1032,27868,,,,,,,
La Rioja,1989,,,-21586,-6950,60608,44733,15875,5904,30118,,,,,,,
Mendoza,1989,,,23636,35465,101605,86494,15111,1961,71755,,,,,,,
Misiones,1989,,,7559,16208,48263,39263,9000,1610,45766,,,,,,,
Neuquén,1989,,,-5635,28880,92398,56665,35733,1858,25886,,,,,,,
Río Negro,1989,,,9434,28756,80343,60980,19363,1466,36290,,,,,,,
Salta,1989,,,-21108,-8599,102369,89281,13088,1424,60649,,,,,,,
San Juan,1989,,,-7320,1990,59514,48140,11374,1362,42834,,,,,,,
San Luis,1989,,,7112,16463,34288,22852,11436,310,33813,,,,,,,
Santa Cruz,1989,,,-13063,-2803,64365,54105,10260,1693,20953,,,,,,,
Santa Fe,1989,,,-37592,-89138,307127,276266,30861,2869,112484,,,,,,,
Santiago del Estero,1989,,,-2605,11432,59906,43866,16040,1383,50741,,,,,,,
Tierra del Fuego,1989,,,-3675,1424,24896,19404,5492,1094,5264,,,,,,,
Tucumán,1989,,,-17753,-5264,103773,88022,15751,1920,69939,,,,,,,
Buenos Aires,1990,12736080,"21,37",-3352,-2061,15198,13856,1342,59,5133378,-15686,-9644,71118,64839,6280,276,24021423
C.A.B.A.,1990,3009198,"21,37",-692,-111,5857,5269,588,7,694010,-3238,-519,27408,24656,2752,33,3247592
Catamarca,1990,266500,"21,37",-242,-110,1054,879,175,40,703005,-1132,-515,4932,4113,819,187,3289682
Chaco,1990,847880,"21,37",-360,0,1780,1408,372,44,1200832,-1685,0,8329,6589,1741,206,5619242
Chubut,1990,359800,"21,37",-166,115,1018,730,288,16,426246,-777,538,4764,3416,1348,75,1994600
Córdoba,1990,2798529,"21,37",-669,-369,4247,3875,372,20,2040299,-3131,-1727,19874,18133,1741,94,9547492
Corrientes,1990,804347,"21,37",-230,143,1439,1055,384,3,1028071,-1076,669,6734,4937,1797,14,4810814
Entre Ríos,1990,1031896,"21,37",-278,-64,2009,1780,229,18,1122173,-1301,-299,9401,8329,1072,84,5251160
Formosa,1990,401846,"21,37",-313,-46,1381,1061,320,36,881930,-1465,-215,6462,4965,1497,168,4126954
Jujuy,1990,516663,"21,37",-460,-354,1972,1301,671,34,694136,-2153,-1657,9228,6088,3140,159,3248180
La Pampa,1990,262366,"21,37",0,209,845,627,218,12,446530,0,978,3954,2934,1020,56,2089518
La Rioja,1990,222484,"21,37",-401,-309,1149,1000,149,91,552044,-1876,-1446,5377,4679,697,426,2583266
Mendoza,1990,1427704,"21,37",-75,130,1875,1666,209,16,958366,-351,608,8774,7796,978,75,4484633
Misiones,1990,795912,"21,37",-207,79,1302,993,309,26,834439,-969,370,6093,4647,1446,122,3904722
Neuquén,1990,390980,"21,37",-143,592,2065,1253,812,32,569705,-669,2770,9663,5863,3800,150,2665910
Río Negro,1990,510472,"21,37",-594,-1,1814,1213,601,19,672334,-2780,-5,8489,5676,2812,89,3146158
Salta,1990,873384,"21,37",-333,-176,1733,1566,167,26,946607,-1558,-824,8109,7328,781,122,4429607
San Juan,1990,534458,"21,37",-225,4,1230,979,251,15,828269,-1053,19,5756,4581,1175,70,3875849
San Luis,1990,289166,"21,37",-61,257,826,506,320,8,632884,-285,1203,3865,2368,1497,37,2961552
Santa Cruz,1990,161078,"21,37",-204,10,1238,980,258,24,452417,-955,47,5793,4586,1207,112,2117066
Santa Fe,1990,2831416,"21,37",-197,-218,4662,4204,458,98,2084367,-922,-1020,21816,19672,2143,459,9753707
Santiago del Estero,1990,678874,"21,37",-78,159,1149,895,254,31,939543,-365,744,5377,4188,1189,145,4396551
Tierra del Fuego,1990,68555,"21,37",-56,58,488,352,136,20,157282,-262,271,2284,1647,636,94,735996
Tucumán,1990,1154196,"21,37",-427,-180,2038,1712,326,53,1214355,-1998,-842,9537,8011,1526,248,5682522
Buenos Aires,1991,12736080,"51,4",-5544,-2750,41008,37894,3114,70,1726,-10786,-5350,79782,73724,6058,136,3359
C.A.B.A.,1991,3009198,"51,4",-1212,371,16530,14458,2072,8,143,-2358,722,32160,28128,4031,16,278
Catamarca,1991,266500,"51,4",48,133,2665,2429,236,84,225,93,259,5185,4726,459,163,439
Chaco,1991,847880,"51,4",-158,829,5036,4012,1024,82,424,-307,1613,9798,7805,1992,160,825
Chubut,1991,359800,"51,4",-299,120,2977,2475,502,68,145,-582,233,5792,4815,977,132,282
Córdoba,1991,2798529,"51,4",-1283,-644,12621,11515,1106,15,672,-2496,-1253,24554,22403,2152,29,1308
Corrientes,1991,804347,"51,4",-248,850,4318,3196,1122,35,354,-482,1654,8401,6218,2183,68,688
Entre Ríos,1991,1031896,"51,4",-337,134,5705,5123,582,94,379,-656,261,11099,9967,1132,183,737
Formosa,1991,401846,"51,4",-620,-275,4264,3701,563,208,295,-1206,-535,8296,7200,1095,405,574
Jujuy,1991,516663,"51,4",-144,142,4535,3072,1463,51,240,-280,276,8823,5977,2846,99,467
La Pampa,1991,262366,"51,4",133,729,2490,1857,633,63,162,259,1418,4844,3613,1232,123,315
La Rioja,1991,222484,"51,4",-838,-227,3451,2798,653,487,191,-1630,-442,6714,5444,1270,947,372
Mendoza,1991,1427704,"51,4",283,879,5736,5118,618,90,332,551,1710,11160,9957,1202,175,646
Misiones,1991,795912,"51,4",-105,782,3679,2714,965,70,290,-204,1521,7158,5280,1877,136,565
Neuquén,1991,390980,"51,4",-142,758,5131,3838,1293,45,174,-276,1475,9982,7467,2516,88,338
Río Negro,1991,510472,"51,4",-337,370,3886,3156,730,55,226,-656,720,7560,6140,1420,107,440
Salta,1991,873384,"51,4",-726,-305,5525,4859,666,62,330,-1412,-593,10749,9453,1296,121,642
San Juan,1991,534458,"51,4",-391,215,3807,3148,659,129,277,-761,418,7407,6125,1282,251,539
San Luis,1991,289166,"51,4",239,991,2282,1514,768,89,201,465,1928,4440,2946,1494,173,390
Santa Cruz,1991,161078,"51,4",-441,288,3241,2426,815,94,158,-858,560,6305,4720,1586,183,307
Santa Fe,1991,2831416,"51,4",286,992,12843,11648,1195,139,698,556,1930,24986,22661,2325,270,1358
Santiago del Estero,1991,678874,"51,4",-283,593,4074,3153,921,100,337,-551,1154,7926,6134,1792,195,656
Tierra del Fuego,1991,68555,"51,4",-399,-190,1593,1367,226,59,60,-776,-370,3099,2660,440,115,117
Tucumán,1991,1154196,"51,4",173,546,5076,4499,577,115,391,337,1062,9875,8753,1123,224,761
Buenos Aires,1992,12897142,"59,67",426,719,5674,5192,482,38,2806,714,1205,9509,8701,808,64,4703
C.A.B.A.,1992,3018555,"59,67",-411,-238,2581,2353,228,0,158,-689,-399,4325,3943,382,0,265
Catamarca,1992,271896,"59,67",-7,31,381,318,63,14,313,-12,52,639,533,106,23,524
Chaco,1992,859961,"59,67",-38,45,676,586,90,26,541,-64,75,1133,982,151,44,906
Chubut,1992,369014,"59,67",-28,11,414,357,57,14,233,-47,18,694,598,96,23,390
Córdoba,1992,2832056,"59,67",-100,77,1854,1628,226,26,977,-168,129,3107,2728,379,44,1638
Corrientes,1992,817455,"59,67",-10,32,549,490,59,28,426,-17,54,920,821,99,47,713
Entre Ríos,1992,1041854,"59,67",-56,15,830,753,77,17,543,-94,25,1391,1262,129,28,910
Formosa,1992,412398,"59,67",-32,35,505,418,87,21,397,-54,59,846,701,146,35,666
Jujuy,1992,525908,"59,67",51,107,442,366,76,19,343,85,179,741,613,127,32,575
La Pampa,1992,267224,"59,67",22,84,349,280,69,24,223,37,141,585,469,116,40,373
La Rioja,1992,228300,"59,67",-52,15,449,375,74,123,238,-87,25,752,628,124,206,399
Mendoza,1992,1447988,"59,67",1,61,919,837,82,8,484,2,102,1540,1403,137,13,811
Misiones,1992,816558,"59,67",-41,58,551,439,112,18,389,-69,97,923,736,188,30,652
Neuquén,1992,407186,"59,67",-45,63,671,548,123,9,225,-75,106,1125,918,206,15,377
Río Negro,1992,522164,"59,67",-37,36,547,456,91,10,301,-62,60,917,764,153,17,505
Salta,1992,893258,"59,67",-53,-4,693,630,63,8,449,-89,-7,1161,1056,106,13,752
San Juan,1992,539999,"59,67",20,65,447,397,50,17,368,34,109,749,665,84,28,617
San Luis,1992,296788,"59,67",38,92,287,233,54,4,266,64,154,481,390,90,7,446
Santa Cruz,1992,165729,"59,67",53,104,352,275,77,22,207,89,174,590,461,129,37,347
Santa Fe,1992,2861831,"59,67",134,227,1686,1577,109,19,988,225,380,2826,2643,183,32,1655
Santiago del Estero,1992,684690,"59,67",-33,42,562,482,80,10,461,-55,70,942,808,134,17,773
Tierra del Fuego,1992,73402,"59,67",-8,23,237,203,34,25,102,-13,39,397,340,57,42,171
Tucumán,1992,1169844,"59,67",-37,76,743,624,119,10,544,-62,127,1245,1046,199,17,912
Buenos Aires,1993,13056791,"57,54",177,846,6990,6036,954,86,3204,308,1470,12148,10490,1658,149,5568
C.A.B.A.,1993,3022400,"57,54",-108,124,2820,2564,256,0,183,-188,216,4901,4456,445,0,319
Catamarca,1993,277614,"57,54",-74,-37,445,403,42,4,337,-129,-64,773,700,73,7,585
Chaco,1993,872100,"57,54",-58,17,731,647,84,23,561,-101,30,1270,1124,146,40,975
Chubut,1993,378985,"57,54",-113,-23,537,426,111,12,254,-196,-40,933,740,193,21,442
Córdoba,1993,2864810,"57,54",-334,-150,2367,2080,287,17,1041,-580,-261,4114,3615,499,30,1810
Corrientes,1993,830926,"57,54",8,50,602,537,65,46,457,14,87,1046,933,113,80,794
Entre Ríos,1993,1051095,"57,54",-33,51,915,823,92,13,600,-57,89,1590,1430,160,23,1043
Formosa,1993,423852,"57,54",-129,-18,641,491,150,7,430,-224,-31,1114,853,261,12,747
Jujuy,1993,535562,"57,54",-65,-2,621,499,122,11,364,-113,-3,1079,867,212,19,633
La Pampa,1993,272296,"57,54",-25,70,455,343,112,23,252,-43,122,791,596,195,40,438
La Rioja,1993,234624,"57,54",-10,28,482,436,46,148,268,-17,49,838,758,80,257,466
Mendoza,1993,1468414,"57,54",74,-5,1292,1076,216,9,540,129,-9,2245,1870,375,16,938
Misiones,1993,838940,"57,54",-94,8,667,542,125,26,424,-163,14,1159,942,217,45,737
Neuquén,1993,425395,"57,54",-180,-26,863,690,173,17,260,-313,-45,1500,1199,301,30,451
Río Negro,1993,534659,"57,54",-265,-128,880,668,212,7,334,-461,-222,1529,1161,368,12,581
Salta,1993,914589,"57,54",-18,17,758,682,76,21,484,-31,30,1317,1185,132,36,841
San Juan,1993,545214,"57,54",-83,-21,639,560,79,19,415,-144,-36,1111,973,137,33,721
San Luis,1993,305068,"57,54",34,107,363,268,95,4,304,59,186,631,466,165,7,528
Santa Cruz,1993,170819,"57,54",24,102,432,320,112,28,232,42,177,751,556,195,49,403
Santa Fe,1993,2890933,"57,54",40,176,2017,1854,163,41,1066,70,306,3505,3222,283,71,1852
Santiago del Estero,1993,689917,"57,54",-76,-18,681,598,83,17,503,-132,-31,1184,1039,144,30,874
Tierra del Fuego,1993,78915,"57,54",-2,26,284,238,46,6,141,-3,45,494,414,80,10,245
Tucumán,1993,1185489,"57,54",26,98,782,697,85,35,592,45,170,1359,1211,148,61,1028
Buenos Aires,1994,13216914,"59,18",-153,882,8049,6745,1304,98,3438,-259,1490,13601,11397,2203,166,5809
C.A.B.A.,1994,3024315,"59,18",175,313,2684,2446,238,0,188,296,529,4535,4133,402,0,318
Catamarca,1994,283453,"59,18",-85,-72,487,459,28,13,345,-144,-122,823,776,47,22,583
Chaco,1994,884134,"59,18",-50,36,760,661,99,21,584,-84,61,1284,1117,167,35,987
Chubut,1994,389195,"59,18",-178,2,613,419,194,25,256,-301,3,1036,708,328,42,433
Córdoba,1994,2897225,"59,18",-287,-90,2542,2214,328,10,1089,-485,-152,4295,3741,554,17,1840
Corrientes,1994,844441,"59,18",-64,5,681,581,100,16,481,-108,8,1151,982,169,27,813
Entre Ríos,1994,1060039,"59,18",-17,31,1035,925,110,18,630,-29,52,1749,1563,186,30,1064
Formosa,1994,435615,"59,18",-94,-4,682,507,175,18,445,-159,-7,1152,857,296,30,753
Jujuy,1994,545375,"59,18",-128,-37,662,555,107,13,376,-216,-63,1119,938,181,22,635
La Pampa,1994,277400,"59,18",-35,64,469,356,113,31,259,-59,108,792,602,191,52,438
La Rioja,1994,241150,"59,18",-21,23,518,466,52,158,276,-35,39,875,787,88,267,466
Mendoza,1994,1488799,"59,18",148,214,1312,1090,222,25,557,250,362,2217,1842,375,42,942
Misiones,1994,861902,"59,18",-57,15,661,544,117,11,445,-96,25,1117,919,198,19,751
Neuquén,1994,444468,"59,18",-101,61,906,707,199,26,269,-171,103,1531,1195,336,44,455
Río Negro,1994,547340,"59,18",-161,-31,765,617,148,31,345,-272,-52,1293,1043,250,52,584
Salta,1994,936496,"59,18",-47,29,796,699,97,22,499,-79,49,1345,1181,164,37,843
San Juan,1994,550242,"59,18",-247,-159,798,698,100,28,428,-417,-269,1348,1179,169,47,723
San Luis,1994,313578,"59,18",-11,94,445,310,135,14,305,-19,159,752,524,228,24,515
Santa Cruz,1994,176069,"59,18",-45,92,520,373,147,57,237,-76,155,879,630,248,96,401
Santa Fe,1994,2919684,"59,18",2,232,2199,1944,255,39,1102,3,392,3716,3285,431,66,1862
Santiago del Estero,1994,694932,"59,18",-59,0,718,635,83,34,516,-100,0,1213,1073,140,57,873
Tierra del Fuego,1994,84608,"59,18",-25,28,355,292,63,69,146,-42,47,600,493,106,117,247
Tucumán,1994,1201095,"59,18",-80,22,904,790,114,16,608,-135,37,1528,1335,193,27,1028
Buenos Aires,1995,13379401,"61,05",-120,866,7927,6716,1211,85,3360,-197,1419,12984,11001,1984,139,5503
C.A.B.A.,1995,3027886,"61,05",69,226,2687,2451,236,0,210,113,370,4401,4015,387,0,344
Catamarca,1995,289212,"61,05",-44,-34,432,401,31,8,331,-72,-56,708,657,51,13,543
Chaco,1995,895900,"61,05",-99,-43,822,740,82,24,567,-162,-70,1346,1212,134,39,929
Chubut,1995,399125,"61,05",-66,33,562,434,128,63,247,-108,54,921,711,210,103,404
Córdoba,1995,2929734,"61,05",-263,-39,2402,2031,371,20,997,-431,-64,3934,3327,608,33,1633
Corrientes,1995,857685,"61,05",-39,-6,654,577,77,14,467,-64,-10,1071,945,126,23,766
Entre Ríos,1995,1069102,"61,05",-143,-18,1156,958,198,24,605,-234,-29,1894,1569,324,39,991
Formosa,1995,447094,"61,05",-76,6,677,510,167,48,432,-124,10,1109,835,274,79,708
Jujuy,1995,555097,"61,05",-179,-103,702,591,111,12,365,-293,-169,1150,968,182,20,598
La Pampa,1995,282356,"61,05",-69,44,486,350,136,18,250,-113,72,796,573,223,29,410
La Rioja,1995,247575,"61,05",8,18,532,502,30,225,271,13,29,871,822,49,369,444
Mendoza,1995,1508959,"61,05",-164,-83,1342,1091,251,3,541,-269,-136,2198,1787,411,5,887
Misiones,1995,884291,"61,05",-150,3,728,545,183,18,431,-246,5,1192,893,300,29,706
Neuquén,1995,463266,"61,05",-236,30,1150,799,351,79,257,-387,49,1884,1309,575,129,420
Río Negro,1995,559590,"61,05",-199,-137,777,667,110,30,332,-326,-224,1273,1093,180,49,544
Salta,1995,958094,"61,05",-85,-7,840,719,121,24,485,-139,-11,1376,1178,198,39,794
San Juan,1995,555223,"61,05",-214,-124,762,653,109,33,416,-351,-203,1248,1070,179,54,681
San Luis,1995,321890,"61,05",3,133,428,282,146,21,297,5,218,701,462,239,34,486
Santa Cruz,1995,181198,"61,05",-41,59,584,462,122,63,228,-67,97,957,757,200,103,373
Santa Fe,1995,2949050,"61,05",-225,6,2289,2027,262,42,1102,-369,10,3749,3320,429,69,1805
Santiago del Estero,1995,700114,"61,05",14,63,629,535,94,27,498,23,103,1030,876,154,44,815
Tierra del Fuego,1995,89992,"61,05",-63,-20,370,325,45,65,142,-103,-33,606,532,74,106,233
Tucumán,1995,1216623,"61,05",-148,-66,1005,834,171,20,592,-242,-108,1646,1366,280,33,970
Buenos Aires,1996,13544764,"61,02",-291,626,8717,7394,1323,174,3473,-477,1026,14285,12117,2168,285,5691
C.A.B.A.,1996,3032875,"61,02",-97,35,2974,2691,283,27,191,-159,57,4874,4410,464,44,314
Catamarca,1996,294895,"61,02",-57,-4,477,405,72,5,356,-93,-7,782,664,118,8,583
Chaco,1996,907389,"61,02",-46,42,841,724,117,22,624,-75,69,1378,1186,192,36,1022
Chubut,1996,408804,"61,02",-95,39,606,439,167,32,272,-156,64,993,719,274,52,446
Córdoba,1996,2962371,"61,02",279,345,2061,1868,193,67,1139,457,565,3378,3061,316,110,1867
Corrientes,1996,870657,"61,02",17,80,618,532,86,23,508,28,131,1013,872,141,38,833
Entre Ríos,1996,1078274,"61,02",228,103,1052,936,116,30,676,374,169,1724,1534,190,49,1108
Formosa,1996,458282,"61,02",21,19,596,528,68,22,475,34,31,977,865,111,36,779
Jujuy,1996,564739,"61,02",-53,-19,670,547,123,13,398,-87,-31,1098,896,202,21,652
La Pampa,1996,287175,"61,02",-18,61,471,369,102,30,267,-29,100,772,605,167,49,438
La Rioja,1996,253898,"61,02",53,88,544,501,43,260,287,87,144,892,821,70,426,471
Mendoza,1996,1528895,"61,02",-247,-27,1593,1102,491,10,567,-405,-44,2611,1806,805,16,930
Misiones,1996,906092,"61,02",-40,24,791,667,124,86,472,-66,39,1296,1093,203,141,774
Neuquén,1996,481819,"61,02",34,180,911,703,208,56,283,56,295,1493,1152,341,92,463
Río Negro,1996,571366,"61,02",-39,-67,766,642,124,27,363,-64,-110,1255,1052,203,44,594
Salta,1996,979393,"61,02",51,67,789,687,102,25,518,84,110,1293,1126,167,41,849
San Juan,1996,560139,"61,02",48,70,618,500,118,33,439,79,115,1013,819,193,54,720
San Luis,1996,330026,"61,02",113,185,370,264,106,5,322,185,303,606,433,174,8,528
Santa Cruz,1996,186210,"61,02",23,163,673,502,171,59,253,38,267,1103,823,280,97,415
Santa Fe,1996,2979021,"61,02",-25,162,2176,1945,231,28,1199,-41,265,3566,3187,379,46,1964
Santiago del Estero,1996,705460,"61,02",71,118,604,525,79,32,529,116,193,990,860,129,52,867
Tierra del Fuego,1996,94968,"61,02",-11,40,335,272,63,69,149,-18,66,549,446,103,113,245
Tucumán,1996,1232100,"61,02",-107,-6,1022,867,155,31,651,-175,-10,1675,1421,254,51,1067
Buenos Aires,1997,13634681,"60,74",643,796,9869,8134,1735,70,3844,1059,1311,16248,13392,2856,115,6328
C.A.B.A.,1997,2985428,"60,74",36,167,2986,2727,259,26,194,59,275,4916,4490,426,43,319
Catamarca,1997,298246,"60,74",5,24,522,468,54,10,413,8,40,859,770,89,16,680
Chaco,1997,911091,"60,74",-55,69,965,790,175,25,701,-91,114,1589,1301,288,41,1154
Chubut,1997,415163,"60,74",-91,61,628,450,178,32,296,-150,100,1034,741,293,53,488
Córdoba,1997,2973533,"60,74",137,314,2361,2073,288,29,1402,226,517,3887,3413,474,48,2308
Corrientes,1997,876423,"60,74",-45,59,801,659,142,35,592,-74,97,1319,1085,234,58,974
Entre Ríos,1997,1079142,"60,74",30,182,1194,952,242,26,738,49,300,1966,1567,398,43,1215
Formosa,1997,465595,"60,74",-40,45,726,567,159,27,531,-66,74,1195,933,262,44,874
Jujuy,1997,569706,"60,74",-11,19,642,570,72,76,442,-18,31,1057,938,119,125,728
La Pampa,1997,289815,"60,74",23,68,478,405,73,14,312,38,112,787,667,120,23,513
La Rioja,1997,258231,"60,74",71,124,551,488,63,242,323,117,204,907,803,104,398,531
Mendoza,1997,1536986,"60,74",37,9,1291,1178,113,16,656,61,15,2125,1939,186,26,1080
Misiones,1997,918797,"60,74",-50,55,828,671,157,52,527,-82,91,1363,1105,258,86,868
Neuquén,1997,496567,"60,74",41,215,939,727,212,58,317,68,354,1546,1197,349,95,522
Río Negro,1997,578536,"60,74",-25,-11,729,653,76,27,404,-41,-18,1200,1075,125,44,665
Salta,1997,992374,"60,74",-41,88,932,747,185,65,592,-68,145,1534,1230,305,107,974
San Juan,1997,558647,"60,74",6,83,720,590,130,38,508,10,137,1185,971,214,63,837
San Luis,1997,335637,"60,74",122,211,387,277,110,5,365,201,347,637,456,181,8,602
Santa Cruz,1997,189688,"60,74",-4,98,680,553,127,46,307,-7,161,1120,910,209,76,506
Santa Fe,1997,2987522,"60,74",96,308,2372,2097,275,47,1361,158,507,3905,3452,453,77,2240
Santiago del Estero,1997,705009,"60,74",95,151,705,609,96,23,634,156,249,1161,1003,158,38,1043
Tierra del Fuego,1997,114143,"60,74",-34,28,395,306,89,76,161,-56,46,650,504,147,125,265
Tucumán,1997,1237629,"60,74",-6,47,1029,914,115,51,709,-10,77,1694,1505,189,84,1168
Buenos Aires,1998,13879577,"59,7",-1140,-123,10731,9362,1369,63,3962,-1910,-206,17975,15682,2293,106,6637
C.A.B.A.,1998,3040292,"59,7",449,579,2868,2637,231,36,193,752,970,4804,4417,387,60,323
Catamarca,1998,306430,"59,7",-10,32,551,472,79,9,419,-17,54,923,791,132,15,701
Chaco,1998,929878,"59,7",-158,38,1153,864,289,29,735,-265,64,1931,1447,484,49,1230
Chubut,1998,428405,"59,7",-77,4,627,488,139,41,310,-129,7,1050,817,233,69,520
Córdoba,1998,3027113,"59,7",43,293,2597,2193,404,38,1349,72,491,4350,3673,677,64,2260
Corrientes,1998,896418,"59,7",-30,4,808,721,87,36,596,-50,7,1353,1208,146,60,999
Entre Ríos,1998,1096121,"59,7",62,148,1187,1021,166,31,776,104,248,1988,1710,278,52,1300
Formosa,1998,480979,"59,7",-50,45,732,578,154,27,554,-84,75,1226,968,258,45,928
Jujuy,1998,584267,"59,7",-31,-32,684,636,48,80,459,-52,-54,1146,1065,80,134,768
La Pampa,1998,296748,"59,7",16,96,523,410,113,33,316,27,161,876,687,189,55,529
La Rioja,1998,266846,"59,7",29,91,603,528,75,236,335,49,152,1010,884,126,395,562
Mendoza,1998,1568461,"59,7",380,33,1429,1276,153,13,671,637,55,2394,2137,256,22,1123
Misiones,1998,950262,"59,7",-38,83,870,686,184,75,549,-64,139,1457,1149,308,126,919
Neuquén,1998,520423,"59,7",-64,22,1040,849,191,26,322,-107,37,1742,1422,320,44,539
Río Negro,1998,594794,"59,7",-29,-6,752,654,98,28,415,-49,-10,1260,1095,164,47,695
Salta,1998,1022846,"59,7",3,91,917,770,147,67,611,5,152,1536,1290,246,112,1023
San Juan,1998,569527,"59,7",4,74,740,625,115,35,529,7,124,1240,1047,193,59,885
San Luis,1998,346591,"59,7",137,255,421,275,146,9,374,229,427,705,461,245,15,626
Santa Cruz,1998,196438,"59,7",-82,45,730,585,145,56,311,-137,75,1223,980,243,94,521
Santa Fe,1998,3038867,"59,7",-312,212,2914,2281,633,21,1418,-523,355,4881,3821,1060,35,2375
Santiago del Estero,1998,715891,"59,7",74,105,765,663,102,20,635,124,176,1281,1111,171,34,1063
Tierra del Fuego,1998,104823,"59,7",-27,6,398,342,56,91,165,-45,10,667,573,94,152,277
Tucumán,1998,1262936,"59,7",89,109,1020,915,105,59,744,149,183,1709,1533,176,99,1247
Buenos Aires,1999,14047486,"58,61",-1450,-1287,11097,10075,1022,58,3931,-2474,-2196,18934,17190,1744,99,6707
C.A.B.A.,1999,3043431,"58,61",163,380,3139,2808,331,33,217,278,648,5356,4791,565,56,370
Catamarca,1999,312269,"58,61",-31,-1,570,498,72,10,416,-53,-2,973,850,123,17,710
Chaco,1999,929878,"58,61",-147,-67,1125,939,186,22,721,-251,-114,1919,1602,317,38,1231
Chubut,1999,940901,"58,61",-65,-31,632,524,108,30,304,-111,-53,1078,894,184,51,519
Córdoba,1999,438236,"58,61",3,107,2500,2232,268,33,1315,5,183,4265,3808,457,56,2243
Corrientes,1999,909207,"58,61",14,-1,784,733,51,68,579,24,-2,1338,1251,87,116,988
Entre Ríos,1999,1104836,"58,61",-126,1,1351,1111,240,23,755,-215,2,2305,1896,409,39,1288
Formosa,1999,492513,"58,61",-63,-40,777,653,124,33,543,-107,-68,1326,1114,212,56,927
Jujuy,1999,594117,"58,61",-71,-60,720,650,70,74,448,-121,-102,1228,1109,119,126,765
La Pampa,1999,301466,"58,61",-47,40,581,447,134,28,306,-80,68,991,763,229,48,523
La Rioja,1999,273471,"58,61",8,69,689,582,107,271,327,14,118,1176,993,183,462,557
Mendoza,1999,1588091,"58,61",-208,-57,1607,1303,304,11,665,-355,-97,2742,2223,519,19,1134
Misiones,1999,972672,"58,61",-159,-17,984,769,215,85,538,-271,-29,1679,1312,367,145,917
Neuquén,1999,540384,"58,61",-239,-88,1243,990,253,27,312,-408,-150,2121,1689,432,46,532
Río Negro,1999,606575,"58,61",-29,-52,768,687,81,28,403,-49,-89,1310,1172,138,48,687
Salta,1999,1044973,"58,61",-15,39,931,811,120,61,596,-26,67,1588,1384,205,104,1017
San Juan,1999,574053,"58,61",-25,12,752,659,93,49,506,-43,20,1283,1124,159,84,864
San Luis,1999,354959,"58,61",25,211,526,302,224,1,360,43,360,897,515,382,2,614
Santa Cruz,1999,201642,"58,61",-48,60,727,606,121,37,300,-82,102,1240,1034,206,63,511
Santa Fe,1999,3068765,"58,61",-143,3,2650,2416,234,41,1373,-244,5,4521,4122,399,70,2343
Santiago del Estero,1999,720982,"58,61",48,111,733,647,86,26,619,82,189,1251,1104,147,44,1057
Tierra del Fuego,1999,109998,"58,61",-32,11,408,338,70,50,190,-55,19,696,577,119,85,323
Tucumán,1999,1278216,"58,61",-57,4,1105,962,143,38,722,-97,7,1885,1641,244,65,1232
Buenos Aires,2000,14047486,"59,21",-1483,-1241,10997,10257,740,324,3869,-2505,-2096,18573,17323,1250,547,6535
C.A.B.A.,2000,3043431,"59,21",173,332,3159,2911,248,86,169,292,561,5335,4916,419,145,285
Catamarca,2000,312269,"59,21",21,27,525,462,63,12,415,35,46,887,780,106,20,701
Chaco,2000,940901,"59,21",-59,-73,1096,967,129,38,728,-100,-123,1851,1633,218,64,1229
Chubut,2000,438236,"59,21",49,70,594,512,82,39,304,83,118,1003,865,138,66,513
Córdoba,2000,3059115,"59,21",-12,155,2504,2216,288,75,1317,-20,262,4229,3743,486,127,2223
Corrientes,2000,909207,"59,21",72,20,734,696,38,38,581,122,34,1240,1175,64,64,982
Entre Ríos,2000,1104836,"59,21",-102,-71,1318,1174,144,44,750,-172,-120,2226,1983,243,74,1266
Formosa,2000,492513,"59,21",13,-56,713,661,52,28,543,22,-95,1204,1116,88,47,917
Jujuy,2000,594117,"59,21",8,-57,716,655,61,67,451,14,-96,1209,1106,103,113,761
La Pampa,2000,301466,"59,21",6,74,553,429,124,17,308,10,125,934,725,209,29,521
La Rioja,2000,273471,"59,21",-80,-13,707,568,139,176,329,-135,-22,1194,959,235,297,555
Mendoza,2000,1588091,"59,21",-106,-64,1556,1337,219,30,657,-179,-108,2628,2258,370,51,1110
Misiones,2000,972672,"59,21",-29,-25,903,781,122,82,535,-49,-42,1525,1319,206,138,904
Neuquén,2000,540384,"59,21",42,32,1129,1037,92,38,312,71,54,1907,1751,155,64,528
Río Negro,2000,606575,"59,21",8,-44,767,713,54,40,404,14,-74,1295,1204,91,68,683
Salta,2000,1044973,"59,21",-10,39,983,828,155,63,599,-17,66,1660,1398,262,106,1012
San Juan,2000,574053,"59,21",-102,-50,835,716,119,35,521,-172,-84,1410,1209,201,59,881
San Luis,2000,354959,"59,21",52,173,494,347,147,8,365,88,292,834,586,248,14,617
Santa Cruz,2000,201642,"59,21",-17,87,791,657,134,63,307,-29,147,1336,1110,226,106,519
Santa Fe,2000,3068765,"59,21",-38,35,2598,2419,179,78,1364,-64,59,4388,4085,302,132,2304
Santiago del Estero,2000,720982,"59,21",48,96,747,661,86,23,624,81,162,1262,1116,145,39,1054
Tierra del Fuego,2000,109998,"59,21",47,56,387,342,45,15,233,79,95,654,578,76,25,394
Tucumán,2000,1278216,"59,21",59,50,1054,947,107,45,721,100,84,1780,1599,181,76,1218
Buenos Aires,2001,13755993,"58,57",-2475,-2628,10981,10459,522,146,3566,-4226,-4487,18749,17857,891,249,6088
C.A.B.A.,2001,2729469,"58,57",-178,13,3183,2922,261,51,145,-304,22,5435,4989,446,87,247
Catamarca,2001,330996,"58,57",0,-7,554,491,63,11,405,0,-12,946,838,108,19,691
Chaco,2001,978956,"58,57",-94,-135,1106,977,129,30,702,-160,-230,1888,1668,220,51,1199
Chubut,2001,408191,"58,57",37,36,587,512,75,27,290,63,61,1002,874,128,46,495
Córdoba,2001,3052747,"58,57",-499,-448,2908,2631,277,60,1285,-852,-765,4965,4492,473,102,2194
Corrientes,2001,926989,"58,57",-2,0,789,697,92,38,566,-3,0,1347,1190,157,65,967
Entre Ríos,2001,1152090,"58,57",-145,-171,1378,1239,139,34,730,-248,-292,2353,2115,237,58,1246
Formosa,2001,489276,"58,57",-1,-104,738,683,55,19,531,-2,-178,1260,1166,94,32,906
Jujuy,2001,609048,"58,57",-61,-143,741,699,42,57,433,-104,-244,1265,1193,72,97,740
La Pampa,2001,298772,"58,57",-124,41,639,428,211,16,302,-212,70,1091,731,360,27,515
La Rioja,2001,287924,"58,57",-33,-27,610,552,58,164,315,-56,-46,1041,942,99,280,538
Mendoza,2001,1573671,"58,57",-93,-90,1465,1320,145,42,635,-159,-154,2501,2254,248,72,1084
Misiones,2001,961274,"58,57",-14,-53,855,768,87,63,525,-24,-90,1460,1311,149,108,896
Neuquén,2001,471825,"58,57",-22,-9,1147,1038,109,22,308,-38,-15,1958,1772,186,38,526
Río Negro,2001,549204,"58,57",9,-63,745,695,50,27,398,15,-108,1272,1187,85,46,679
Salta,2001,1065291,"58,57",221,12,909,809,100,70,585,377,20,1552,1381,171,120,999
San Juan,2001,617478,"58,57",-81,-62,803,698,105,21,508,-138,-106,1371,1192,179,36,867
San Luis,2001,367104,"58,57",-72,147,666,423,243,10,328,-123,251,1137,722,415,17,559
Santa Cruz,2001,196876,"58,57",-56,35,776,656,120,55,279,-96,60,1325,1120,205,94,476
Santa Fe,2001,2975970,"58,57",-184,-151,2495,2371,124,102,1239,-314,-258,4260,4048,212,174,2115
Santiago del Estero,2001,795661,"58,57",-9,32,718,641,77,19,552,-15,55,1226,1094,131,32,942
Tierra del Fuego,2001,100313,"58,57",-5,37,441,360,81,13,233,-9,63,753,615,138,22,398
Tucumán,2001,1331923,"58,57",-72,-70,1176,1054,122,47,704,-123,-120,2008,1800,208,80,1202
Buenos Aires,2002,14290241,"76,46",-849,-1117,10045,9786,259,206,3747,-1110,-1461,13138,12799,339,269,4900
C.A.B.A.,2002,3000966,"76,46",-59,39,3003,2833,170,72,169,-77,51,3928,3705,222,94,221
Catamarca,2002,343154,"76,46",-9,12,514,467,47,25,380,-12,16,672,611,61,33,497
Chaco,2002,999654,"76,46",-15,-16,977,905,72,112,646,-20,-21,1278,1184,94,146,845
Chubut,2002,430431,"76,46",191,281,703,553,150,11,276,250,368,919,723,196,14,361
Córdoba,2002,3172180,"76,46",-201,-236,2639,2430,209,118,1168,-263,-309,3451,3178,273,154,1527
Corrientes,2002,949538,"76,46",18,4,686,645,41,37,525,24,5,897,844,54,48,687
Entre Ríos,2002,1184584,"76,46",-123,-122,1181,1122,59,38,666,-161,-160,1545,1467,77,50,871
Formosa,2002,496550,"76,46",-10,-17,623,587,36,47,495,-13,-22,815,768,47,61,648
Jujuy,2002,625930,"76,46",-27,-51,647,628,19,96,413,-35,-67,846,821,25,126,540
La Pampa,2002,309956,"76,46",107,119,545,448,97,109,304,140,156,713,586,127,143,397
La Rioja,2002,300974,"76,46",43,41,564,533,31,231,299,56,54,738,697,41,302,391
Mendoza,2002,1623499,"76,46",103,14,1399,1331,68,52,584,135,18,1830,1741,89,68,764
Misiones,2002,983482,"76,46",13,16,793,718,75,81,483,17,21,1037,939,98,106,632
Neuquén,2002,495473,"76,46",237,414,1261,1056,205,97,278,310,541,1649,1381,268,127,364
Río Negro,2002,577042,"76,46",56,13,695,669,26,38,365,73,17,909,875,34,50,477
Salta,2002,1103122,"76,46",52,34,762,738,24,35,541,68,44,997,965,31,46,707
San Juan,2002,637602,"76,46",-87,-84,707,652,55,20,457,-114,-110,925,853,72,26,598
San Luis,2002,381889,"76,46",24,202,612,412,200,58,360,31,264,800,539,262,76,471
Santa Cruz,2002,202043,"76,46",87,229,822,652,170,109,286,114,300,1075,853,222,143,374
Santa Fe,2002,3115922,"76,46",176,136,2509,2426,83,292,1310,230,178,3281,3173,109,382,1714
Santiago del Estero,2002,816294,"76,46",130,188,778,663,115,134,616,170,246,1018,867,150,175,805
Tierra del Fuego,2002,104721,"76,46",34,49,410,361,49,5,211,44,64,536,472,64,7,276
Tucumán,2002,1370385,"76,46",-43,-32,1139,992,147,64,646,-56,-42,1490,1297,192,84,845
Buenos Aires,2003,14410581,"84,49",326,252,11704,11094,610,269,4428,386,298,13853,13131,722,318,5240
C.A.B.A.,2003,3006179,"84,49",525,779,3596,3209,387,153,319,621,922,4256,3798,458,181,377
Catamarca,2003,350440,"84,49",67,123,635,541,94,20,505,79,146,752,640,111,24,597
Chaco,2003,1007845,"84,49",60,96,1232,1063,169,72,894,71,114,1458,1258,200,85,1058
Chubut,2003,435397,"84,49",125,318,986,731,255,13,359,148,376,1167,865,302,15,425
Córdoba,2003,3199362,"84,49",182,41,3149,3006,143,231,1623,215,49,3727,3558,169,273,1921
Corrientes,2003,959809,"84,49",104,111,824,749,75,28,708,123,131,975,886,89,33,839
Entre Ríos,2003,1195374,"84,49",34,50,1403,1297,106,39,916,40,59,1661,1535,125,46,1084
Formosa,2003,503404,"84,49",63,79,777,700,77,41,665,75,94,920,829,91,49,787
Jujuy,2003,634722,"84,49",38,13,781,738,43,101,548,45,15,924,873,51,120,648
La Pampa,2003,313810,"84,49",44,152,708,525,183,85,371,52,180,838,621,217,101,440
La Rioja,2003,307391,"84,49",74,84,639,591,48,209,398,88,99,756,699,57,247,471
Mendoza,2003,1640635,"84,49",166,143,1823,1658,165,55,795,196,169,2158,1962,195,65,941
Misiones,2003,998667,"84,49",41,134,1034,848,186,118,651,49,159,1224,1004,220,140,771
Neuquén,2003,504075,"84,49",56,338,1813,1464,349,21,365,66,400,2146,1733,413,25,432
Río Negro,2003,580533,"84,49",100,95,845,781,64,16,483,118,112,1000,924,76,19,572
Salta,2003,1122260,"84,49",125,180,971,856,115,33,733,148,213,1149,1013,136,39,868
San Juan,2003,647156,"84,49",94,103,738,675,63,25,615,111,122,873,799,75,30,728
San Luis,2003,390918,"84,49",117,314,643,426,217,55,433,138,372,761,504,257,65,513
Santa Cruz,2003,205953,"84,49",-25,507,1309,753,556,108,354,-30,600,1549,891,658,128,420
Santa Fe,2003,3135972,"84,49",420,554,3071,2840,231,445,1680,497,656,3635,3361,273,527,1989
Santiago del Estero,2003,823817,"84,49",313,336,782,710,72,111,761,370,398,926,840,85,131,901
Tierra del Fuego,2003,108210,"84,49",28,38,531,483,48,4,271,33,45,628,572,57,5,321
Tucumán,2003,1387220,"84,49",139,218,1269,1061,208,51,885,165,258,1502,1256,246,60,1047
Buenos Aires,2004,14530996,100,991,1387,15058,13738,1320,814,6011,991,1387,15058,13738,1320,814,6011
C.A.B.A.,2004,3011694,100,931,1362,4355,3783,572,124,524,931,1362,4355,3783,572,124,524
Catamarca,2004,357804,100,270,322,780,622,158,32,730,270,322,780,622,158,32,730
Chaco,2004,1016209,100,257,370,1521,1251,270,108,1321,257,370,1521,1251,270,108,1321
Chubut,2004,440381,100,126,452,1370,960,410,29,496,126,452,1370,960,410,29,496
Córdoba,2004,3226504,100,382,547,4031,3651,380,426,2378,382,547,4031,3651,380,426,2378
Corrientes,2004,970173,100,149,245,1173,963,210,53,1030,149,245,1173,963,210,53,1030
Entre Ríos,2004,1206177,100,143,248,1932,1697,235,153,1326,143,248,1932,1697,235,153,1326
Formosa,2004,510353,100,54,205,1097,873,224,41,969,54,205,1097,873,224,41,969
Jujuy,2004,643571,100,101,136,1049,915,134,150,789,101,136,1049,915,134,150,789
La Pampa,2004,317697,100,57,223,823,611,212,77,525,57,223,823,611,212,77,525
La Rioja,2004,313918,100,90,176,828,703,125,230,567,90,176,828,703,125,230,567
Mendoza,2004,1657801,100,286,294,2243,2061,182,119,1146,286,294,2243,2061,182,119,1146
Misiones,2004,1013983,100,81,317,1393,1016,377,151,934,81,317,1393,1016,377,151,934
Neuquén,2004,512698,100,162,496,2093,1693,400,46,511,162,496,2093,1693,400,46,511
Río Negro,2004,583953,100,91,189,1154,979,175,64,694,91,189,1154,979,175,64,694
Salta,2004,1141632,100,161,349,1327,1067,260,38,1065,161,349,1327,1067,260,38,1065
San Juan,2004,656727,100,340,340,863,756,107,31,900,340,340,863,756,107,31,900
San Luis,2004,400012,100,99,398,815,483,332,64,630,99,398,815,483,332,64,630
Santa Cruz,2004,209859,100,84,579,1449,862,587,167,483,84,579,1449,862,587,167,483
Santa Fe,2004,3156308,100,1003,1273,3588,3222,366,476,2445,1003,1273,3588,3222,366,476,2445
Santiago del Estero,2004,831597,100,347,471,1152,945,207,150,1108,347,471,1152,945,207,150,1108
Tierra del Fuego,2004,111726,100,102,128,634,588,46,11,369,102,128,634,588,46,11,369
Tucumán,2004,1404278,100,144,396,2003,1435,568,100,1289,144,396,2003,1435,568,100,1289
Buenos Aires,2005,14654379,"110,32",181,315,22103,20725,1378,2068,7200,164,286,20035,18786,1249,1875,6526
C.A.B.A.,2005,3018102,"110,32",487,1194,5890,4939,951,176,646,441,1082,5339,4477,862,160,586
Catamarca,2005,365323,"110,32",121,283,1129,839,290,27,898,110,257,1023,761,263,24,814
Chaco,2005,1024934,"110,32",186,323,2439,1961,478,184,1637,169,293,2211,1778,433,167,1484
Chubut,2005,445458,"110,32",36,471,2106,1521,585,41,587,33,427,1909,1379,530,37,533
Córdoba,2005,3254279,"110,32",317,678,6186,5496,690,659,2930,287,615,5607,4982,625,597,2656
Corrientes,2005,980813,"110,32",-13,218,1983,1554,429,78,1267,-12,198,1797,1409,389,71,1149
Entre Ríos,2005,1217212,"110,32",234,397,2763,2445,318,225,1629,212,360,2505,2216,288,204,1477
Formosa,2005,517506,"110,32",77,278,1591,1208,383,50,1196,70,252,1442,1095,347,45,1084
Jujuy,2005,652577,"110,32",33,114,1362,1146,216,154,967,30,103,1235,1039,196,140,877
La Pampa,2005,317697,"110,32",277,427,1176,866,310,97,641,251,387,1066,785,281,88,581
La Rioja,2005,320602,"110,32",-4,189,1172,878,294,273,695,-4,171,1062,796,266,247,630
Mendoza,2005,1675309,"110,32",294,427,2798,2436,362,85,1414,266,387,2536,2208,328,77,1282
Misiones,2005,1029645,"110,32",103,407,1924,1399,525,168,1151,93,369,1744,1268,476,152,1043
Neuquén,2005,521439,"110,32",131,633,3101,2508,593,63,621,119,574,2811,2273,538,57,563
Río Negro,2005,587430,"110,32",84,121,1555,1343,212,55,851,76,110,1410,1217,192,50,772
Salta,2005,1161484,"110,32",80,380,1817,1393,424,64,1309,73,344,1647,1263,384,58,1187
San Juan,2005,666446,"110,32",244,428,1294,948,346,39,1106,221,388,1173,859,314,35,1003
San Luis,2005,400012,"110,32",4,474,1129,626,503,79,761,4,430,1023,567,456,72,690
Santa Cruz,2005,213845,"110,32",22,691,1944,1153,791,165,594,20,626,1762,1045,717,150,539
Santa Fe,2005,3177557,"110,32",685,1191,5425,4677,748,429,3010,621,1080,4918,4239,678,389,2728
Santiago del Estero,2005,839767,"110,32",177,539,1652,1191,461,150,1367,160,489,1497,1080,418,136,1239
Tierra del Fuego,2005,115286,"110,32",72,81,936,866,70,15,444,65,73,848,785,63,14,403
Tucumán,2005,1421824,"110,32",173,314,2508,1940,568,85,1589,157,285,2273,1759,515,77,1440
Buenos Aires,2006,14784007,"125,48",-79,57,27569,25719,1850,1816,8655,-63,45,21971,20496,1474,1447,6898
C.A.B.A.,2006,3025772,"125,48",-435,658,8222,6868,1354,155,803,-347,524,6552,5473,1079,124,640
Catamarca,2006,372937,"125,48",66,348,1585,1171,414,31,1108,53,277,1263,933,330,25,883
Chaco,2006,1033865,"125,48",180,314,2960,2532,428,210,2028,143,250,2359,2018,341,167,1616
Chubut,2006,450549,"125,48",293,841,2504,1734,770,38,715,234,670,1996,1382,614,30,570
Córdoba,2006,3282680,"125,48",230,630,7847,6925,922,584,3615,183,502,6254,5519,735,465,2881
Corrientes,2006,991597,"125,48",155,330,2192,1865,327,107,1567,124,263,1747,1486,261,85,1249
Entre Ríos,2006,1229373,"125,48",139,350,3553,3153,400,231,2006,111,279,2832,2513,319,184,1599
Formosa,2006,524805,"125,48",158,401,1897,1496,401,111,1479,126,320,1512,1192,320,88,1179
Jujuy,2006,661667,"125,48",32,133,1688,1403,285,177,1190,26,106,1345,1118,227,141,949
La Pampa,2006,317697,"125,48",355,528,1414,1106,308,92,787,283,421,1127,881,245,73,628
La Rioja,2006,327384,"125,48",98,224,1348,1071,277,314,855,78,179,1074,854,221,250,681
Mendoza,2006,1693261,"125,48",437,623,3742,3065,677,101,1739,348,496,2982,2443,540,80,1386
Misiones,2006,1045534,"125,48",128,560,2372,1687,685,186,1420,102,446,1890,1344,546,148,1132
Neuquén,2006,530219,"125,48",138,604,3614,3025,589,63,761,110,481,2880,2411,469,50,607
Río Negro,2006,590871,"125,48",103,179,1960,1684,276,51,1047,82,143,1562,1342,220,41,834
Salta,2006,1181886,"125,48",177,516,2230,1700,530,95,1618,141,411,1777,1355,422,76,1289
San Juan,2006,676189,"125,48",164,516,1942,1252,690,62,1366,131,411,1548,998,550,49,1088
San Luis,2006,400012,"125,48",4,534,1425,782,643,75,937,3,426,1136,623,512,60,747
Santa Cruz,2006,217846,"125,48",56,872,2683,1502,1181,247,719,45,695,2138,1197,941,197,573
Santa Fe,2006,3199248,"125,48",330,1205,7159,5880,1279,338,3703,263,960,5705,4686,1019,269,2951
Santiago del Estero,2006,848196,"125,48",-86,452,2358,1625,733,163,1689,-69,360,1879,1295,584,130,1346
Tierra del Fuego,2006,118899,"125,48",91,87,1294,1171,123,17,540,73,69,1031,933,98,14,430
Tucumán,2006,1439575,"125,48",44,253,3218,2505,713,126,1959,35,202,2565,1996,568,100,1561
Buenos Aires,2007,14917940,"144,22",-316,447,34711,32087,2624,2919,11119,-219,310,24068,22249,1819,2024,7710
C.A.B.A.,2007,3034161,"144,22",-221,954,9946,8583,1363,175,1064,-153,661,6896,5951,945,121,738
Catamarca,2007,380612,"144,22",113,526,2244,1668,576,38,1454,78,365,1556,1157,399,26,1008
Chaco,2007,1042881,"144,22",71,356,4169,3449,720,278,2674,49,247,2891,2391,499,193,1854
Chubut,2007,455607,"144,22",263,828,3030,2193,837,54,923,182,574,2101,1521,580,37,640
Córdoba,2007,3311280,"144,22",262,728,10128,8982,1146,767,4757,182,505,7023,6228,795,532,3298
Corrientes,2007,1002416,"144,22",261,473,2849,2430,419,128,2060,181,328,1975,1685,291,89,1429
Entre Ríos,2007,1242547,"144,22",244,450,4592,4136,456,403,2633,169,312,3184,2868,316,279,1825
Formosa,2007,532238,"144,22",135,577,2569,1916,653,151,1945,94,400,1781,1329,453,105,1349
Jujuy,2007,670766,"144,22",-93,126,2337,1941,396,293,1558,-64,87,1620,1346,275,203,1081
La Pampa,2007,317697,"144,22",63,398,1869,1406,463,112,1023,44,276,1296,975,321,78,710
La Rioja,2007,334235,"144,22",169,224,1579,1349,230,301,1117,117,155,1095,935,159,209,775
Mendoza,2007,1711416,"144,22",90,601,4771,3897,874,183,2265,62,417,3308,2702,606,127,1571
Misiones,2007,1061590,"144,22",32,736,3205,2199,1006,245,1858,22,510,2222,1525,698,170,1288
Neuquén,2007,538952,"144,22",45,617,4331,3572,759,71,989,31,428,3003,2477,526,49,686
Río Negro,2007,594189,"144,22",95,177,2371,2113,258,72,1370,66,123,1644,1465,179,50,950
Salta,2007,1202753,"144,22",178,728,3124,2297,827,159,2126,123,505,2166,1593,573,110,1474
San Juan,2007,685883,"144,22",288,668,2473,1658,815,96,1790,200,463,1715,1150,565,67,1241
San Luis,2007,400012,"144,22",-19,707,1837,1002,835,83,1228,-13,490,1274,695,579,58,852
Santa Cruz,2007,221871,"144,22",26,518,4162,2274,1888,350,919,18,359,2886,1577,1309,243,637
Santa Fe,2007,3220818,"144,22",329,1022,9124,8025,1099,423,4856,228,709,6326,5564,762,293,3367
Santiago del Estero,2007,856739,"144,22",-59,802,2921,1915,1006,192,2224,-41,556,2025,1328,698,133,1542
Tierra del Fuego,2007,118899,"144,22",-196,-157,1714,1544,170,22,696,-136,-109,1188,1071,118,15,483
Tucumán,2007,1457357,"144,22",68,339,4330,3377,953,227,2574,47,235,3002,2342,661,157,1785
Buenos Aires,2008,15052177,"177,64",-1389,-957,46940,44488,2452,3023,13798,-782,-539,26424,25044,1380,1702,7767
C.A.B.A.,2008,3034161,"177,64",-279,1890,13134,10758,2376,120,1337,-157,1064,7394,6056,1338,68,752
Catamarca,2008,388416,"177,64",-64,585,2953,2182,771,63,1826,-36,329,1662,1228,434,35,1028
Chaco,2008,1042881,"177,64",63,239,5681,5063,618,723,3377,35,135,3198,2850,348,407,1901
Chubut,2008,460684,"177,64",304,1274,4090,2859,1231,67,1150,171,717,2302,1609,693,38,647
Córdoba,2008,3340041,"177,64",-148,106,13946,12741,1205,987,5997,-83,60,7851,7172,678,556,3376
Corrientes,2008,1013443,"177,64",139,391,3687,3258,429,171,2595,78,220,2076,1834,241,96,1461
Entre Ríos,2008,1255787,"177,64",-18,299,6133,5582,551,513,3313,-10,168,3452,3142,310,289,1865
Formosa,2008,539883,"177,64",147,649,3327,2586,741,199,2450,83,365,1873,1456,417,112,1379
Jujuy,2008,679975,"177,64",-180,75,2959,2479,480,332,1957,-101,42,1666,1396,270,187,1102
La Pampa,2008,317697,"177,64",33,386,2373,1817,556,108,1280,19,217,1336,1023,313,61,720
La Rioja,2008,341207,"177,64",171,339,2019,1666,353,417,1400,96,191,1137,938,199,235,788
Mendoza,2008,1729660,"177,64",243,629,6040,5145,895,197,2848,137,354,3400,2896,504,111,1603
Misiones,2008,1077987,"177,64",118,869,4000,2964,1036,365,2339,66,489,2252,1669,583,205,1317
Neuquén,2008,547742,"177,64",-231,340,5841,5073,768,84,1241,-130,191,3288,2856,432,47,698
Río Negro,2008,597476,"177,64",23,152,3008,2652,356,69,1721,13,86,1693,1493,200,39,969
Salta,2008,1224022,"177,64",296,825,3753,2997,756,167,2673,167,464,2113,1687,426,94,1504
San Juan,2008,695640,"177,64",130,779,3311,2145,1166,94,2254,73,439,1864,1207,656,53,1269
San Luis,2008,400012,"177,64",-14,808,2210,1343,867,90,1548,-8,455,1244,756,488,51,871
Santa Cruz,2008,225920,"177,64",-510,201,5359,3368,1991,402,1139,-287,113,3017,1896,1121,226,641
Santa Fe,2008,3242551,"177,64",-105,992,11998,10656,1342,446,6115,-59,558,6754,5999,755,251,3443
Santiago del Estero,2008,865546,"177,64",-341,977,3986,2435,1551,217,2805,-192,550,2244,1371,873,122,1579
Tierra del Fuego,2008,126212,"177,64",-29,-75,1993,1931,62,53,868,-16,-42,1122,1087,35,30,489
Tucumán,2008,1475384,"177,64",87,375,5689,4322,1367,267,3240,49,211,3203,2433,770,150,1824
Buenos Aires,2009,15414296,"204,96",-4477,-4015,59325,55773,3552,4954,15091,-2184,-1959,28945,27212,1733,2417,7363
C.A.B.A.,2009,3034161,"204,96",-658,1471,15854,13425,2429,182,1459,-321,718,7735,6550,1185,89,712
Catamarca,2009,363975,"204,96",-224,172,3016,2427,589,49,1997,-109,84,1472,1184,287,24,974
Chaco,2009,1047146,"204,96",-340,-192,7148,6066,1082,732,3686,-166,-94,3488,2960,528,357,1798
Chubut,2009,497442,"204,96",258,1096,4529,3306,1223,82,1257,126,535,2210,1613,597,40,613
Córdoba,2009,3281062,"204,96",-765,-53,17141,15425,1716,1155,6542,-373,-26,8363,7526,837,564,3192
Corrientes,2009,985554,"204,96",139,260,4101,3736,365,163,2839,68,127,2001,1823,178,80,1385
Entre Ríos,2009,1227092,"204,96",-315,155,7514,6430,1084,604,3616,-154,76,3666,3137,529,295,1764
Formosa,2009,525130,"204,96",128,493,3863,2965,898,120,2680,62,241,1885,1447,438,59,1308
Jujuy,2009,666189,"204,96",-135,78,3717,3078,639,689,2136,-66,38,1814,1502,312,336,1042
La Pampa,2009,317697,"204,96",45,242,2602,2180,422,103,1398,22,118,1270,1064,206,50,682
La Rioja,2009,328483,"204,96",-34,193,2641,2035,606,483,1529,-17,94,1289,993,296,236,746
Mendoza,2009,1720466,"204,96",-308,307,7359,6129,1230,395,3107,-150,150,3590,2990,600,193,1516
Misiones,2009,1085573,"204,96",43,823,4792,3442,1350,467,2553,21,402,2338,1679,659,228,1246
Neuquén,2009,542113,"204,96",375,816,6762,5948,814,108,1362,183,398,3299,2902,397,53,664
Río Negro,2009,628486,"204,96",-55,21,3649,3130,519,101,1885,-27,10,1780,1527,253,49,920
Salta,2009,1198595,"204,96",217,566,4793,3866,927,241,2917,106,276,2339,1886,452,118,1423
San Juan,2009,673987,"204,96",158,619,3552,2615,937,109,2463,77,302,1733,1276,457,53,1202
San Luis,2009,400012,"204,96",-332,1008,2733,1294,1439,97,1692,-162,492,1333,631,702,47,826
Santa Cruz,2009,264100,"204,96",102,98,5644,4065,1579,604,1251,50,48,2754,1983,770,295,610
Santa Fe,2009,3172396,"204,96",-892,-134,14677,13416,1261,783,6662,-435,-65,7161,6546,615,382,3251
Santiago del Estero,2009,865990,"204,96",457,1118,3997,2599,1398,210,3066,223,545,1950,1268,682,102,1496
Tierra del Fuego,2009,123997,"204,96",-152,-190,2354,2230,124,135,951,-74,-93,1149,1088,60,66,464
Tucumán,2009,1435572,"204,96",-26,295,6300,5019,1281,320,3532,-13,144,3074,2449,625,156,1723
Buenos Aires,2010,15716942,"247,82",-875,-1116,72349,68155,4194,8345,19947,-353,-450,29194,27502,1692,3367,8049
C.A.B.A.,2010,3028481,"247,82",959,3199,19165,16105,3060,203,1963,387,1291,7733,6499,1235,82,792
Catamarca,2010,377676,"247,82",392,818,3741,2991,750,263,2681,158,330,1510,1207,303,106,1082
Chaco,2010,1080017,"247,82",545,916,8359,6906,1453,1141,4980,220,370,3373,2787,586,460,2009
Chubut,2010,513433,"247,82",311,1654,6017,4361,1656,105,1678,125,667,2428,1760,668,42,677
Córdoba,2010,3373025,"247,82",1569,2575,22362,19896,2466,3318,8821,633,1039,9023,8028,995,1339,3559
Corrientes,2010,1017731,"247,82",1085,1175,5193,4643,550,635,3821,438,474,2095,1874,222,256,1542
Entre Ríos,2010,1255574,"247,82",330,677,9508,8205,1303,1092,4865,133,273,3837,3311,526,441,1963
Formosa,2010,551626,"247,82",144,1123,5666,3787,1879,457,3610,58,453,2286,1528,758,184,1457
Jujuy,2010,683513,"247,82",281,461,4607,3876,731,1055,2870,113,186,1859,1564,295,426,1158
La Pampa,2010,327028,"247,82",221,725,4030,2902,1128,142,1875,89,293,1626,1171,455,57,757
La Rioja,2010,342582,"247,82",161,237,3313,2479,834,416,2050,65,96,1337,1000,337,168,827
Mendoza,2010,1774737,"247,82",254,727,9220,7759,1461,831,4180,102,293,3720,3131,590,335,1687
Misiones,2010,1113279,"247,82",582,1606,6128,4460,1668,1048,3432,235,648,2473,1800,673,423,1385
Neuquén,2010,571910,"247,82",406,763,7857,7069,788,513,1825,164,308,3170,2852,318,207,736
Río Negro,2010,648277,"247,82",522,623,4596,3944,652,575,2536,211,251,1855,1591,263,232,1023
Salta,2010,1239111,"247,82",793,1145,5724,4694,1030,493,3932,320,462,2310,1894,416,199,1586
San Juan,2010,696076,"247,82",1218,1525,4150,3244,906,373,3316,491,615,1675,1309,366,151,1338
San Luis,2010,443944,"247,82",-355,1126,3697,1939,1758,92,2274,-143,454,1492,782,709,37,918
Santa Cruz,2010,275452,"247,82",110,576,6848,5070,1778,933,1654,44,232,2763,2046,717,376,667
Santa Fe,2010,3257907,"247,82",54,973,18770,17036,1734,1044,8968,22,393,7574,6874,700,421,3619
Santiago del Estero,2010,879246,"247,82",447,1460,5745,3477,2268,270,4133,180,589,2318,1403,915,109,1668
Tierra del Fuego,2010,131661,"247,82",163,137,2907,2710,197,145,1266,66,55,1173,1094,79,59,511
Tucumán,2010,1489225,"247,82",780,1226,8211,6482,1729,1096,4759,315,495,3313,2616,698,442,1920
Buenos Aires,2011,15909607,"306,57",-6556,-5762,98628,92689,5939,8678,26016,-2139,-1880,32171,30234,1937,2831,8486
C.A.B.A.,2011,3033639,"306,57",-432,3000,27049,22726,4323,276,2600,-141,979,8823,7413,1410,90,848
Catamarca,2011,381548,"306,57",21,615,5148,4191,957,122,3554,7,201,1679,1367,312,40,1159
Chaco,2011,1092625,"306,57",-6,619,11746,9610,2136,966,6635,-2,202,3831,3135,697,315,2164
Chubut,2011,524201,"306,57",-125,1461,7570,5750,1820,151,2210,-41,477,2469,1876,594,49,721
Córdoba,2011,3411773,"306,57",-1560,696,30055,26164,3891,1247,11725,-509,227,9804,8534,1269,407,3825
Corrientes,2011,1028248,"306,57",-289,469,8257,7020,1237,359,5078,-94,153,2693,2290,403,117,1656
Entre Ríos,2011,1268744,"306,57",-773,309,13408,11342,2066,975,6457,-252,101,4374,3700,674,318,2106
Formosa,2011,557223,"306,57",34,1032,7706,5291,2415,263,4796,11,337,2514,1726,788,86,1564
Jujuy,2011,692379,"306,57",-288,133,6259,5244,1015,1002,3807,-94,43,2042,1711,331,327,1242
La Pampa,2011,330268,"306,57",274,949,4755,3693,1062,131,2472,89,310,1551,1205,346,43,806
La Rioja,2011,347494,"306,57",50,327,4351,3281,1070,544,2712,16,107,1419,1070,349,177,885
Mendoza,2011,1797235,"306,57",-1101,23,13146,11038,2108,629,5548,-359,8,4288,3600,688,205,1810
Misiones,2011,1128798,"306,57",-121,1394,8487,6288,2199,1036,4556,-39,455,2768,2051,717,338,1486
Neuquén,2011,581720,"306,57",-216,303,10063,9146,917,402,2415,-70,99,3282,2983,299,131,788
Río Negro,2011,658486,"306,57",-54,137,6093,5339,754,223,3362,-18,45,1987,1742,246,73,1097
Salta,2011,1258111,"306,57",387,1031,7838,6615,1223,604,5224,126,336,2557,2158,399,197,1704
San Juan,2011,704652,"306,57",1433,2070,5416,4191,1225,221,4403,467,675,1767,1367,400,72,1436
San Luis,2011,450434,"306,57",-64,1727,4396,2323,2073,111,3013,-21,563,1434,758,676,36,983
Santa Cruz,2011,284414,"306,57",-642,-681,9148,7535,1613,1202,2166,-209,-222,2984,2458,526,392,707
Santa Fe,2011,3285408,"306,57",-1920,-423,26960,24632,2328,1410,11905,-626,-138,8794,8035,759,460,3883
Santiago del Estero,2011,888809,"306,57",-25,1901,7912,4887,3025,505,5488,-8,620,2581,1594,987,165,1790
Tierra del Fuego,2011,135742,"306,57",-173,-176,4077,3853,224,66,1663,-56,-57,1330,1257,73,22,543
Tucumán,2011,1509932,"306,57",-271,495,11379,9343,2036,971,6325,-88,161,3712,3048,664,317,2063
Buenos Aires,2012,16100618,"374,98",-5994,-8119,120848,116452,4396,6186,32750,-1598,-2165,32228,31056,1172,1650,8734
C.A.B.A.,2012,3038860,"374,98",-938,3407,34939,29595,5344,488,3297,-250,909,9318,7892,1425,130,879
Catamarca,2012,385408,"374,98",-100,597,6589,5411,1178,152,4517,-27,159,1757,1443,314,41,1205
Chaco,2012,1105280,"374,98",-92,316,14952,12544,2408,1116,8451,-25,84,3987,3345,642,298,2254
Chubut,2012,534945,"374,98",-58,1330,9272,7482,1790,199,2811,-15,355,2473,1995,477,53,750
Córdoba,2012,3450673,"374,98",315,786,35451,33539,1912,1436,14902,84,210,9454,8944,510,383,3974
Corrientes,2012,1038786,"374,98",-238,346,10349,9223,1126,394,6462,-63,92,2760,2460,300,105,1723
Entre Ríos,2012,1281931,"374,98",-529,422,16542,14379,2163,914,8202,-141,113,4411,3835,577,244,2187
Formosa,2012,562794,"374,98",73,1231,9785,6724,3061,309,6102,19,328,2609,1793,816,82,1627
Jujuy,2012,701252,"374,98",-484,-55,8189,6993,1196,1377,4840,-129,-15,2184,1865,319,367,1291
La Pampa,2012,333496,"374,98",69,516,6456,5603,853,159,3139,18,138,1722,1494,227,42,837
La Rioja,2012,352476,"374,98",-224,146,5452,4235,1217,459,3445,-60,39,1454,1129,325,122,919
Mendoza,2012,1819608,"374,98",-435,229,16728,14915,1813,780,7060,-116,61,4461,3978,483,208,1883
Misiones,2012,1144189,"374,98",-206,1575,11002,8400,2602,1180,5800,-55,420,2934,2240,694,315,1547
Neuquén,2012,591422,"374,98",-840,-205,13084,11925,1159,434,3076,-224,-55,3489,3180,309,116,820
Río Negro,2012,668663,"374,98",-143,-43,7727,7045,682,254,4282,-38,-11,2061,1879,182,68,1142
Salta,2012,1277062,"374,98",218,694,10110,8828,1282,678,6646,58,185,2696,2354,342,181,1772
San Juan,2012,713240,"374,98",1696,2726,7000,5345,1655,278,5595,452,727,1867,1425,441,74,1492
San Luis,2012,456924,"374,98",176,2353,5310,2828,2482,140,3859,47,628,1416,754,662,37,1029
Santa Cruz,2012,293407,"374,98",-556,-736,9590,8714,876,146,2748,-148,-196,2557,2324,234,39,733
Santa Fe,2012,3313212,"374,98",-592,222,31933,30288,1645,1776,15100,-158,59,8516,8077,439,474,4027
Santiago del Estero,2012,898484,"374,98",615,2595,8799,5803,2996,417,6988,164,692,2347,1548,799,111,1864
Tierra del Fuego,2012,139852,"374,98",-495,-474,5340,4986,354,49,2113,-132,-126,1424,1330,94,13,563
Tucumán,2012,1530689,"374,98",313,838,13737,11943,1794,1225,8049,83,223,3663,3185,478,327,2147
Buenos Aires,2013,16289599,"464,78",2476,14,151781,146371,5410,6431,42348,533,3,32657,31493,1164,1384,9111
C.A.B.A.,2013,3044076,"464,78",-2239,6485,50812,40831,9981,383,4284,-482,1395,10932,8785,2147,82,922
Catamarca,2013,389256,"464,78",-325,516,8781,7117,1664,288,5887,-70,111,1889,1531,358,62,1267
Chaco,2013,1117953,"464,78",151,-5,19391,16667,2724,1122,11044,32,-1,4172,3586,586,241,2376
Chubut,2013,545656,"464,78",-193,1233,12022,9968,2054,239,3649,-42,265,2587,2145,442,51,785
Córdoba,2013,3489669,"464,78",1779,3103,46487,43079,3408,1536,19449,383,668,10002,9269,733,330,4185
Corrientes,2013,1049325,"464,78",-297,435,13327,11962,1365,528,8436,-64,94,2867,2574,294,114,1815
Entre Ríos,2013,1295121,"464,78",-1032,198,21890,18852,3038,899,10729,-222,43,4710,4056,654,193,2308
Formosa,2013,568331,"464,78",85,1462,12719,9032,3687,365,7969,18,315,2737,1943,793,79,1715
Jujuy,2013,710121,"464,78",-1193,-713,11021,9380,1641,1302,6299,-257,-153,2371,2018,353,280,1355
La Pampa,2013,336706,"464,78",861,1055,8279,7305,974,179,4077,185,227,1781,1572,210,39,877
La Rioja,2013,357516,"464,78",-26,476,6986,5307,1679,695,4487,-6,102,1503,1142,361,150,965
Mendoza,2013,1841813,"464,78",-859,-157,22267,20066,2201,923,9200,-185,-34,4791,4317,474,199,1979
Misiones,2013,1159445,"464,78",-1459,1134,15926,11521,4405,1245,7566,-314,244,3427,2479,948,268,1628
Neuquén,2013,601003,"464,78",-582,188,16290,14746,1544,476,4005,-125,40,3505,3173,332,102,862
Río Negro,2013,678797,"464,78",-669,-372,10569,9611,958,164,5582,-144,-80,2274,2068,206,35,1201
Salta,2013,1295944,"464,78",234,895,13300,11475,1825,817,8675,50,193,2862,2469,393,176,1866
San Juan,2013,721830,"464,78",1564,3633,9964,7068,2896,289,7296,337,782,2144,1521,623,62,1570
San Luis,2013,463411,"464,78",598,3260,6525,3495,3030,154,5005,129,701,1404,752,652,33,1077
Santa Cruz,2013,302420,"464,78",-65,-188,11955,10917,1038,415,3564,-14,-40,2572,2349,223,89,767
Santa Fe,2013,3341228,"464,78",-710,874,41854,39244,2610,1891,19711,-153,188,9005,8444,562,407,4241
Santiago del Estero,2013,908268,"464,78",220,3335,12828,7705,5123,515,9114,47,718,2760,1658,1102,111,1961
Tierra del Fuego,2013,143987,"464,78",-402,-403,6952,6531,421,61,2740,-86,-87,1496,1405,91,13,590
Tucumán,2013,1551460,"464,78",287,759,18203,15748,2455,1066,10503,62,163,3916,3388,528,229,2260
Buenos Aires,2014,16476149,"652,01",6209,3134,203921,194837,9084,12862,57365,952,481,31276,29883,1393,1973,8798
C.A.B.A.,2014,3049229,"652,01",580,9841,64819,53555,11264,423,5847,89,1509,9941,8214,1728,65,897
Catamarca,2014,393088,"652,01",170,781,11576,9751,1825,498,8090,26,120,1775,1496,280,76,1241
Chaco,2014,1130608,"652,01",393,1576,27829,22028,5801,2119,15227,60,242,4268,3378,890,325,2335
Chubut,2014,556319,"652,01",-908,2102,18860,15069,3791,362,5001,-139,322,2893,2311,581,56,767
Córdoba,2014,3528687,"652,01",2382,4146,64281,59533,4748,1976,26757,365,636,9859,9131,728,303,4104
Corrientes,2014,1059836,"652,01",1197,1996,17853,16146,1707,954,11625,184,306,2738,2476,262,146,1783
Entre Ríos,2014,1308290,"652,01",-1297,502,31060,26771,4289,1407,14756,-199,77,4764,4106,658,216,2263
Formosa,2014,573823,"652,01",92,2164,17096,12440,4656,584,10965,14,332,2622,1908,714,90,1682
Jujuy,2014,718971,"652,01",-1132,-328,15435,12875,2560,2353,8665,-174,-50,2367,1975,393,361,1329
La Pampa,2014,339895,"652,01",449,1366,11661,10032,1629,193,5595,69,210,1788,1539,250,30,858
La Rioja,2014,362605,"652,01",205,430,9561,7323,2238,771,6161,31,66,1466,1123,343,118,945
Mendoza,2014,1863809,"652,01",200,728,30089,27188,2901,1556,12671,31,112,4615,4170,445,239,1943
Misiones,2014,1174542,"652,01",-360,2544,21975,16543,5432,2230,10423,-55,390,3370,2537,833,342,1599
Neuquén,2014,610449,"652,01",-70,1289,24774,22115,2659,780,5503,-11,198,3800,3392,408,120,844
Río Negro,2014,688873,"652,01",809,823,13774,12843,931,789,7677,124,126,2113,1970,143,121,1177
Salta,2014,1314726,"652,01",697,1187,18092,16045,2047,1215,11961,107,182,2775,2461,314,186,1834
San Juan,2014,730408,"652,01",2261,4322,13802,10496,3306,639,10044,347,663,2117,1610,507,98,1540
San Luis,2014,469889,"652,01",539,4015,9232,5177,4055,168,6854,83,616,1416,794,622,26,1051
Santa Cruz,2014,311444,"652,01",-2037,-2072,18263,17060,1203,226,4876,-312,-318,2801,2617,185,35,748
Santa Fe,2014,3369365,"652,01",-1757,892,58260,54004,4256,2582,27097,-269,137,8935,8283,653,396,4156
Santiago del Estero,2014,918147,"652,01",407,4827,17424,10293,7131,691,12572,62,740,2672,1579,1094,106,1928
Tierra del Fuego,2014,148143,"652,01",-504,-452,9964,9282,682,141,3754,-77,-69,1528,1424,105,22,576
Tucumán,2014,1572205,"652,01",670,1537,25115,21265,3850,1732,14467,103,236,3852,3261,590,266,2219
Buenos Aires,2015,16659931,"825,31",-13127,-15929,299004,284641,14363,17444,77569,-1591,-1930,36229,34489,1740,2114,9399
C.A.B.A.,2015,3054267,"825,31",-5772,4350,89283,76634,12649,610,7975,-699,527,10818,9285,1533,74,966
Catamarca,2015,396895,"825,31",-307,1057,15975,12991,2984,618,11039,-37,128,1936,1574,362,75,1338
Chaco,2015,1143201,"825,31",-465,797,37671,30868,6803,2602,20835,-56,97,4564,3740,824,315,2525
Chubut,2015,566922,"825,31",-2263,643,24418,20488,3930,470,6810,-274,78,2959,2482,476,57,825
Córdoba,2015,3567654,"825,31",-1255,4007,90019,81700,8319,2846,36908,-152,486,10907,9899,1008,345,4472
Corrientes,2015,1070283,"825,31",1068,2501,23792,21027,2765,1216,15851,129,303,2883,2548,335,147,1921
Entre Ríos,2015,1321415,"825,31",-1743,-280,40686,36391,4295,1773,20102,-211,-34,4930,4409,520,215,2436
Formosa,2015,579250,"825,31",119,3106,23336,16917,6419,677,15025,14,376,2828,2050,778,82,1821
Jujuy,2015,727780,"825,31",-1669,-202,21317,17639,3678,3554,11786,-202,-24,2583,2137,446,431,1428
La Pampa,2015,343056,"825,31",360,1713,14924,13096,1828,251,7598,44,208,1808,1587,221,30,921
La Rioja,2015,367728,"825,31",439,584,12160,9993,2167,1004,8434,53,71,1473,1211,263,122,1022
Mendoza,2015,1885551,"825,31",-2835,-1957,42186,38208,3978,2005,17283,-344,-237,5112,4630,482,243,2094
Misiones,2015,1189446,"825,31",-3891,1749,32804,24126,8678,2821,14286,-471,212,3975,2923,1051,342,1731
Neuquén,2015,619745,"825,31",-3648,-2346,36447,32566,3881,929,7506,-442,-284,4416,3946,470,113,909
Río Negro,2015,698874,"825,31",-187,844,20889,18724,2165,892,10458,-23,102,2531,2269,262,108,1267
Salta,2015,1333365,"825,31",-934,306,26373,23072,3301,1566,16499,-113,37,3196,2796,400,190,1999
San Juan,2015,738959,"825,31",2681,6028,19200,13905,5295,674,13746,325,730,2326,1685,642,82,1666
San Luis,2015,476351,"825,31",818,5586,12378,6872,5506,174,9480,99,677,1500,833,667,21,1149
Santa Cruz,2015,320469,"825,31",-4845,-4782,25336,23137,2199,629,6668,-587,-579,3070,2803,266,76,808
Santa Fe,2015,3397532,"825,31",-4613,531,80806,73664,7142,3056,37458,-559,64,9791,8926,865,370,4539
Santiago del Estero,2015,928097,"825,31",1289,6817,23026,13855,9171,886,17222,156,826,2790,1679,1111,107,2087
Tierra del Fuego,2015,152317,"825,31",-1421,-1128,13838,12641,1197,184,5126,-172,-137,1677,1532,145,22,621
Tucumán,2015,1592878,"825,31",670,1622,32749,28866,3883,2058,19757,81,197,3968,3498,470,249,2394
Buenos Aires,2016,16841135,"1164,67",-17182,-11629,426860,397843,29017,47861,101168,-1475,-998,36651,34159,2491,4109,8686
C.A.B.A.,2016,3059122,"1164,67",-10144,10774,143711,117879,25832,1366,27882,-871,925,12339,10121,2218,117,2394
Catamarca,2016,400678,"1164,67",9,1245,19851,16955,2896,688,14158,1,107,1704,1456,249,59,1216
Chaco,2016,1155723,"1164,67",-4925,-2412,51141,44191,6950,3054,26653,-423,-207,4391,3794,597,262,2288
Chubut,2016,577466,"1164,67",-4411,-1328,33183,28283,4900,752,8707,-379,-114,2849,2428,421,65,748
Córdoba,2016,3606540,"1164,67",8581,14740,121880,109882,11998,9360,51827,737,1266,10465,9435,1030,804,4450
Corrientes,2016,1080655,"1164,67",448,2295,32269,28581,3688,1738,20242,38,197,2771,2454,317,149,1738
Entre Ríos,2016,1334489,"1164,67",-3725,-3301,55577,51239,4338,2800,25745,-320,-283,4772,4399,372,240,2210
Formosa,2016,584614,"1164,67",186,3155,29745,23430,6315,1327,19233,16,271,2554,2012,542,114,1651
Jujuy,2016,736542,"1164,67",-4518,-2946,27935,24275,3660,3170,15076,-388,-253,2399,2084,314,272,1294
La Pampa,2016,346191,"1164,67",44,1654,22338,19494,2844,1410,9760,4,142,1918,1674,244,121,838
La Rioja,2016,372879,"1164,67",325,-233,15435,13586,1849,1067,10813,28,-20,1325,1167,159,92,928
Mendoza,2016,1907045,"1164,67",-630,-842,53678,49343,4335,2879,22097,-54,-72,4609,4237,372,247,1897
Misiones,2016,1204182,"1164,67",-4261,-680,39201,32832,6369,2506,18229,-366,-58,3366,2819,547,215,1565
Neuquén,2016,628897,"1164,67",-2337,-1618,49355,44957,4398,1625,9601,-201,-139,4238,3860,378,140,824
Río Negro,2016,708799,"1164,67",-2887,-2351,27675,25541,2134,668,13403,-248,-202,2376,2193,183,57,1151
Salta,2016,1351878,"1164,67",-1611,-1877,35806,32100,3706,1843,21027,-138,-161,3074,2756,318,158,1805
San Juan,2016,747488,"1164,67",3371,7649,26712,19167,7545,699,17626,289,657,2294,1646,648,60,1513
San Luis,2016,482796,"1164,67",1003,7171,18252,11201,7051,500,13650,86,616,1567,962,605,43,1172
Santa Cruz,2016,329499,"1164,67",-5049,-5277,30203,29811,392,980,8535,-434,-453,2593,2560,34,84,733
Santa Fe,2016,3425656,"1164,67",-285,7523,110670,99928,10742,5835,53865,-24,646,9502,8580,922,501,4625
Santiago del Estero,2016,938109,"1164,67",3345,8264,27865,18573,9292,1291,22018,287,710,2393,1595,798,111,1890
Tierra del Fuego,2016,156509,"1164,67",-1266,-858,18029,16607,1422,687,6572,-109,-74,1548,1426,122,59,564
Tucumán,2016,1613476,"1164,67",-1408,393,42847,38705,4142,2124,25254,-121,34,3679,3323,356,182,2168
Buenos Aires,2017,17020012,"1467,56",-991,15890,550681,507422,43259,63107,137287,-68,1083,37524,34576,2948,4300,9355
C.A.B.A.,2017,3063728,"1467,56",-7173,24088,198662,155774,42888,3575,38048,-489,1641,13537,10614,2922,244,2593
Catamarca,2017,404433,"1467,56",792,2686,26351,21803,4548,888,19081,54,183,1796,1486,310,61,1300
Chaco,2017,1168165,"1467,56",-4161,-1509,65754,57291,8463,3511,35874,-284,-103,4480,3904,577,239,2444
Chubut,2017,587956,"1467,56",-5241,-2467,43898,37813,6085,1256,11703,-357,-168,2991,2577,415,86,797
Córdoba,2017,3645321,"1467,56",-3151,18619,170608,142183,28425,9977,67999,-215,1269,11625,9688,1937,680,4633
Corrientes,2017,1090938,"1467,56",-1784,2300,46768,40062,6706,2493,27237,-122,157,3187,2730,457,170,1856
Entre Ríos,2017,1347508,"1467,56",-2132,-1711,71612,66673,4939,3494,34551,-145,-117,4880,4543,337,238,2354
Formosa,2017,589916,"1467,56",228,3448,38955,31948,7007,1462,25918,16,235,2654,2177,477,100,1766
Jujuy,2017,745252,"1467,56",-4465,-2315,37180,31710,5470,4826,20297,-304,-158,2533,2161,373,329,1383
La Pampa,2017,349299,"1467,56",950,3934,28743,24471,4272,949,13058,65,268,1959,1667,291,65,890
La Rioja,2017,378047,"1467,56",-1722,-753,23921,19028,4893,1494,14563,-117,-51,1630,1297,333,102,992
Mendoza,2017,1928304,"1467,56",404,1494,72886,65081,7805,3718,29756,28,102,4966,4435,532,253,2028
Misiones,2017,1218771,"1467,56",-2585,3339,50164,40115,10049,3273,24524,-176,228,3418,2733,685,223,1671
Neuquén,2017,637913,"1467,56",-4628,-4012,66564,60863,5701,2065,12942,-315,-273,4536,4147,388,141,882
Río Negro,2017,718646,"1467,56",-2223,-2308,36148,33220,2928,998,18086,-151,-157,2463,2264,200,68,1232
Salta,2017,1370283,"1467,56",-3445,-1887,49848,43279,6569,2800,28236,-235,-129,3397,2949,448,191,1924
San Juan,2017,755994,"1467,56",2837,9370,36618,25276,11342,941,23764,193,638,2495,1722,773,64,1619
San Luis,2017,489225,"1467,56",-772,8919,26230,15644,10586,920,17592,-53,608,1787,1066,721,63,1199
Santa Cruz,2017,338542,"1467,56",-3206,-3798,34988,34376,612,1901,11472,-218,-259,2384,2342,42,130,782
Santa Fe,2017,3453674,"1467,56",-6321,9442,150815,131154,19661,7492,70136,-431,643,10277,8937,1340,511,4779
Santiago del Estero,2017,948172,"1467,56",2370,11018,38338,25616,12722,1766,29643,161,751,2612,1745,867,120,2020
Tierra del Fuego,2017,160720,"1467,56",-632,134,23842,21420,2422,829,8865,-43,9,1625,1460,165,56,604
Tucumán,2017,1633992,"1467,56",-340,1864,56474,51055,5419,2882,33992,-23,127,3848,3479,369,196,2316
Buenos Aires,2018,17196396,"2084,43",18434,11227,713548,669816,43732,47756,215058,884,539,34232,32134,2098,2291,10317
C.A.B.A.,2018,3068043,"2084,43",12579,42283,256753,207250,49503,5801,57470,603,2029,12318,9943,2375,278,2757
Catamarca,2018,408152,"2084,43",4015,5698,33180,28709,4471,681,26794,193,273,1592,1377,214,33,1285
Chaco,2018,1180477,"2084,43",164,1293,81378,73553,7825,4799,50172,8,62,3904,3529,375,230,2407
Chubut,2018,598380,"2084,43",6053,7717,53238,46994,6244,1408,16258,290,370,2554,2255,300,68,780
Córdoba,2018,3683937,"2084,43",-14425,21037,236598,190986,45612,9814,93019,-692,1009,11351,9163,2188,471,4463
Corrientes,2018,1101084,"2084,43",-1818,3052,61286,53305,7981,2175,37992,-87,146,2940,2557,383,104,1823
Entre Ríos,2018,1360443,"2084,43",2264,2018,92542,87213,5329,5844,48466,109,97,4440,4184,256,280,2325
Formosa,2018,595129,"2084,43",595,7804,50915,41236,9679,2163,36198,29,374,2443,1978,464,104,1737
Jujuy,2018,753891,"2084,43",-3361,-347,46967,39299,7668,4946,28412,-161,-17,2253,1885,368,237,1363
La Pampa,2018,352378,"2084,43",1053,5652,37309,32159,5150,1259,18369,51,271,1790,1543,247,60,881
La Rioja,2018,383220,"2084,43",-1210,-802,29848,25445,4403,741,20393,-58,-38,1432,1221,211,36,978
Mendoza,2018,1949293,"2084,43",3796,7178,95991,83517,12474,3375,41606,182,344,4605,4007,598,162,1996
Misiones,2018,1233177,"2084,43",1266,8406,63569,52590,10979,5762,34093,61,403,3050,2523,527,276,1636
Neuquén,2018,646784,"2084,43",5141,7278,92854,84028,8826,1617,17933,247,349,4455,4031,423,78,860
Río Negro,2018,728403,"2084,43",1800,2040,47989,43125,4864,715,25242,86,98,2302,2069,233,34,1211
Salta,2018,1388532,"2084,43",5563,5336,59418,53693,5725,2780,39431,267,256,2851,2576,275,133,1892
San Juan,2018,764464,"2084,43",1870,13096,51053,34572,16481,789,33303,90,628,2449,1659,791,38,1598
San Luis,2018,495629,"2084,43",180,12229,32743,20199,12544,825,23683,9,587,1571,969,602,40,1136
Santa Cruz,2018,347593,"2084,43",-283,-129,45874,43338,2536,1071,15949,-14,-6,2201,2079,122,51,765
Santa Fe,2018,3481514,"2084,43",1516,23047,192699,167005,25694,12227,95551,73,1106,9245,8012,1233,587,4584
Santiago del Estero,2018,958251,"2084,43",6706,17762,46255,32012,14243,1620,41426,322,852,2219,1536,683,78,1987
Tierra del Fuego,2018,164944,"2084,43",478,1555,30332,26959,3373,607,12344,23,75,1455,1293,162,29,592
Tucumán,2018,1654388,"2084,43",1315,4234,75250,68474,6776,3800,47590,63,203,3610,3285,325,182,2283
Buenos Aires,2019,17370144,"3145,86",31489,5922,1037704,986150,51554,54860,361993,1001,188,32986,31348,1639,1744,11507
C.A.B.A.,2019,3072029,"3145,86",15452,37346,373403,309000,64403,8992,84796,491,1187,11870,9822,2047,286,2695
Catamarca,2019,411824,"3145,86",4356,6296,49947,45464,4483,680,39723,138,200,1588,1445,143,22,1263
Chaco,2019,1192616,"3145,86",439,1456,113207,104385,8822,4761,74426,14,46,3599,3318,280,151,2366
Chubut,2019,608729,"3145,86",-2925,-1154,90240,83206,7034,724,24094,-93,-37,2869,2645,224,23,766
Córdoba,2019,3722332,"3145,86",6936,27146,308535,275013,33522,15275,133847,220,863,9808,8742,1066,486,4255
Corrientes,2019,1111052,"3145,86",-940,6496,86568,75699,10869,2297,56353,-30,206,2752,2406,346,73,1791
Entre Ríos,2019,1373270,"3145,86",-4860,-2831,136488,129669,6819,4744,71772,-154,-90,4339,4122,217,151,2281
Formosa,2019,600229,"3145,86",849,10969,71978,60703,11275,1757,53773,27,349,2288,1930,358,56,1709
Jujuy,2019,762440,"3145,86",-2525,745,61785,53895,7890,4958,42113,-80,24,1964,1713,251,158,1339
La Pampa,2019,355422,"3145,86",-138,7102,56904,49216,7688,1263,27932,-4,226,1809,1564,244,40,888
La Rioja,2019,388386,"3145,86",120,-2416,41531,38475,3056,605,30161,4,-77,1320,1223,97,19,959
Mendoza,2019,1969982,"3145,86",2438,5429,138665,123900,14765,2519,61650,77,173,4408,3939,469,80,1960
Misiones,2019,1247362,"3145,86",518,11082,93988,77219,16769,4654,50613,16,352,2988,2455,533,148,1609
Neuquén,2019,655501,"3145,86",-1597,2447,147523,135157,12366,1021,26556,-51,78,4689,4296,393,32,844
Río Negro,2019,738060,"3145,86",-2879,-233,73755,65342,8413,1163,37356,-92,-7,2345,2077,267,37,1187
Salta,2019,1406584,"3145,86",485,1626,89364,82188,7176,1415,58497,15,52,2841,2613,228,45,1859
San Juan,2019,772876,"3145,86",2210,16189,74564,55644,18920,706,49337,70,515,2370,1769,601,22,1568
San Luis,2019,502000,"3145,86",-4678,15387,50538,30092,20446,902,34083,-149,489,1606,957,650,29,1083
Santa Cruz,2019,356647,"3145,86",1076,279,63641,62022,1619,918,23714,34,9,2023,1972,51,29,754
Santa Fe,2019,3509113,"3145,86",-13651,13755,283856,252608,31248,10257,137511,-434,437,9023,8030,993,326,4371
Santiago del Estero,2019,968309,"3145,86",11586,29944,65329,44459,20870,1428,61401,368,952,2077,1413,663,45,1952
Tierra del Fuego,2019,169183,"3145,86",884,3355,42344,37547,4797,1043,18274,28,107,1346,1194,152,33,581
Tucumán,2019,1674622,"3145,86",-11192,-7256,116479,109079,7400,1928,70539,-356,-231,3703,3467,235,61,2242
Buenos Aires,2020,17541141,"4400,78",-7387,15230,1399838,1332924,66914,159496,501534,-168,346,31809,30288,1521,3624,11396
C.A.B.A.,2020,3075646,"4400,78",-5689,5274,482147,430351,51796,7978,98140,-129,120,10956,9779,1177,181,2230
Catamarca,2020,415438,"4400,78",442,6186,70356,62701,7655,3102,55442,10,141,1599,1425,174,70,1260
Chaco,2020,1204541,"4400,78",11540,16015,144074,133821,10253,8705,103866,262,364,3274,3041,233,198,2360
Chubut,2020,618994,"4400,78",-12138,-9984,121488,113297,8191,3041,33562,-276,-227,2761,2574,186,69,763
Córdoba,2020,3760450,"4400,78",33148,43116,380892,356051,24841,22242,182817,753,980,8655,8091,564,505,4154
Corrientes,2020,1120801,"4400,78",-5847,6943,121749,107041,14708,6479,78695,-133,158,2767,2432,334,147,1788
Entre Ríos,2020,1385961,"4400,78",7594,9472,176924,169803,7121,13918,100679,173,215,4020,3858,162,316,2288
Formosa,2020,605193,"4400,78",1513,15733,98012,82351,15661,5782,75054,34,358,2227,1871,356,131,1705
Jujuy,2020,770881,"4400,78",2794,7813,78626,68527,10099,8877,58584,63,178,1787,1557,229,202,1331
La Pampa,2020,358428,"4400,78",3110,12830,79305,68846,10459,3941,39016,71,292,1802,1564,238,90,887
La Rioja,2020,393531,"4400,78",3820,-153,56887,49869,7018,2513,42161,87,-3,1293,1133,159,57,958
Mendoza,2020,1990338,"4400,78",5807,6322,174004,159273,14731,7439,85848,132,144,3954,3619,335,169,1951
Misiones,2020,1261294,"4400,78",1416,19189,136634,115000,21634,11276,70316,32,436,3105,2613,492,256,1598
Neuquén,2020,664057,"4400,78",-7022,-3100,186444,173385,13059,3099,36871,-160,-70,4237,3940,297,70,838
Río Negro,2020,747610,"4400,78",-6170,-1388,93294,84204,9090,3522,51990,-140,-32,2120,1913,207,80,1181
Salta,2020,1424397,"4400,78",3860,4364,117643,111345,6298,6564,81082,88,99,2673,2530,143,149,1842
San Juan,2020,781217,"4400,78",1484,14242,97099,79350,17749,3464,68790,34,324,2206,1803,403,79,1563
San Luis,2020,508328,"4400,78",-3867,19911,66182,42155,24027,2287,46197,-88,452,1504,958,546,52,1050
Santa Cruz,2020,365698,"4400,78",330,1988,83049,78125,4924,4815,33044,7,45,1887,1775,112,109,751
Santa Fe,2020,3536418,"4400,78",22365,37769,360163,338241,21922,25383,188006,508,858,8184,7686,498,577,4272
Santiago del Estero,2020,978313,"4400,78",20872,46537,87621,59280,28341,5239,85402,474,1057,1991,1347,644,119,1941
Tierra del Fuego,2020,173432,"4400,78",1768,2029,51881,49358,2523,1429,25412,40,46,1179,1122,57,32,577
Tucumán,2020,1694656,"4400,78",-682,9748,156867,142031,14836,13250,98156,-15,222,3565,3227,337,301,2230
Buenos Aires,2021,17709598,"6640,77",-25336,30649,2202490,2086768,115722,174820,807271,-382,462,33166,31424,1743,2633,12156
C.A.B.A.,2021,3078836,"6640,77",46046,72639,686524,603749,82775,42013,75401,693,1094,10338,9092,1246,633,1135
Catamarca,2021,418991,"6640,77",-1421,13265,119462,100681,18781,4364,90390,-21,200,1799,1516,283,66,1361
Chaco,2021,1216247,"6640,77",8256,28896,247521,210795,36726,11311,168941,124,435,3727,3174,553,170,2544
Chubut,2021,629181,"6640,77",16399,21372,158745,144571,14174,3289,54714,247,322,2390,2177,213,50,824
Córdoba,2021,3798261,"6640,77",76595,117157,588931,529509,59422,34365,297797,1153,1764,8868,7974,895,517,4484
Corrientes,2021,1130320,"6640,77",6222,21531,178383,159073,19310,8302,128055,94,324,2686,2395,291,125,1928
Entre Ríos,2021,1398510,"6640,77",26376,31130,273490,257328,16162,10730,164078,397,469,4118,3875,243,162,2471
Formosa,2021,610019,"6640,77",2152,24737,162281,131867,30414,6144,122152,32,373,2444,1986,458,93,1839
Jujuy,2021,779212,"6640,77",9928,19777,123834,106111,17723,11254,95404,150,298,1865,1598,267,169,1437
La Pampa,2021,361394,"6640,77",7727,21579,123529,106504,17025,7682,63701,116,325,1860,1604,256,116,959
La Rioja,2021,398648,"6640,77",2210,-1447,99186,82120,17066,3456,68804,33,-22,1494,1237,257,52,1036
Mendoza,2021,2010363,"6640,77",22784,32077,270470,225789,44681,7745,139816,343,483,4073,3400,673,117,2105
Misiones,2021,1274992,"6640,77",-3996,22748,232115,198683,33432,14436,114188,-60,343,3495,2992,503,217,1720
Neuquén,2021,672461,"6640,77",16459,26937,277927,255748,22179,3621,60207,248,406,4185,3851,334,55,907
Río Negro,2021,757052,"6640,77",-612,6563,142415,129109,13306,4268,84846,-9,99,2145,1944,200,64,1278
Salta,2021,1441988,"6640,77",13381,16666,188801,174568,14233,7484,131662,201,251,2843,2629,214,113,1983
San Juan,2021,789489,"6640,77",4081,27555,152827,120467,32360,3847,112152,61,415,2301,1814,487,58,1689
San Luis,2021,514610,"6640,77",4930,36502,99980,65112,34868,2628,75506,74,550,1506,980,525,40,1137
Santa Cruz,2021,374756,"6640,77",13394,13092,130363,127226,3137,7636,53894,202,197,1963,1916,47,115,812
Santa Fe,2021,3563390,"6640,77",3533,37437,592228,546233,45995,25591,306500,53,564,8918,8225,693,385,4615
Santiago del Estero,2021,988245,"6640,77",10177,59159,166506,109517,56989,5867,139002,153,891,2507,1649,858,88,2093
Tierra del Fuego,2021,177697,"6640,77",1036,3751,87721,82207,5514,1513,41508,16,56,1321,1238,83,23,625
Tucumán,2021,1714487,"6640,77",4363,22748,239535,213418,26117,9782,159750,66,343,3607,3214,393,147,2406
Buenos Aires,2022,17875743,"12936,23",-51548,127936,4046057,3763897,282160,309807,1471987,-398,989,31277,29096,2181,2395,11379
C.A.B.A.,2022,3081550,"12936,23",191386,293153,1188110,1013642,174468,72716,141448,1479,2266,9184,7836,1349,562,1093
Catamarca,2022,422476,"12936,23",5012,39315,221649,175444,46205,5644,166947,39,304,1713,1356,357,44,1291
Chaco,2022,1227736,"12936,23",9484,59175,457780,387304,70476,18076,310889,73,457,3539,2994,545,140,2403
Chubut,2022,639294,"12936,23",15321,28247,283631,257738,25893,4466,99735,118,218,2193,1992,200,35,771
Córdoba,2022,3835738,"12936,23",116302,249927,1072390,908789,163601,38852,548828,899,1932,8290,7025,1265,300,4243
Corrientes,2022,1139604,"12936,23",17153,51517,319098,273000,46098,13337,234656,133,398,2467,2110,356,103,1814
Entre Ríos,2022,1410908,"12936,23",25471,38871,515271,484357,30914,18122,302145,197,300,3983,3744,239,140,2336
Formosa,2022,614706,"12936,23",6119,63026,300319,228648,71671,10849,224829,47,487,2322,1768,554,84,1738
Jujuy,2022,787436,"12936,23",20035,50563,216240,175317,40923,17053,175441,155,391,1672,1355,316,132,1356
La Pampa,2022,364322,"12936,23",-1607,27910,231050,196383,34667,4632,117179,-12,216,1786,1518,268,36,906
La Rioja,2022,403727,"12936,23",2959,-377,182285,151156,31129,7615,126617,23,-3,1409,1168,241,59,979
Mendoza,2022,2030061,"12936,23",44046,86738,482106,393453,88653,12537,257030,340,671,3727,3041,685,97,1987
Misiones,2022,1288476,"12936,23",9583,46844,407536,359517,48019,22264,209013,74,362,3150,2779,371,172,1616
Neuquén,2022,680726,"12936,23",4207,28039,557445,510998,46447,5465,109577,33,217,4309,3950,359,42,847
Río Negro,2022,766387,"12936,23",7841,10311,245871,230000,15871,6943,155528,61,80,1901,1778,123,54,1202
Salta,2022,1459378,"12936,23",15483,30005,356416,327409,29007,11756,241479,120,232,2755,2531,224,91,1867
San Juan,2022,797697,"12936,23",9722,40969,269853,228054,41799,7102,206561,75,317,2086,1763,323,55,1597
San Luis,2022,520845,"12936,23",-3543,54944,204929,131919,73010,4001,138783,-27,425,1584,1020,564,31,1073
Santa Cruz,2022,383827,"12936,23",8416,10531,240699,234396,6303,10179,98529,65,81,1861,1812,49,79,762
Santa Fe,2022,3589999,"12936,23",46212,84153,1076840,983107,93733,46071,564255,357,651,8324,7600,725,356,4362
Santiago del Estero,2022,998093,"12936,23",34952,111163,306398,197094,109304,8165,255750,270,859,2369,1524,845,63,1977
Tierra del Fuego,2022,181983,"12936,23",4626,13252,167215,151650,15565,2734,75925,36,102,1293,1172,120,21,587
Tucumán,2022,1734118,"12936,23",24958,59215,417739,366862,50877,19584,294110,193,458,3229,2836,393,151,2274
Buenos Aires,2023,18039509,"40283,43",-391171,5826,9490629,8824238,666391,813353,3237189,-971,14,23560,21905,1654,2019,8036
C.A.B.A.,2023,3083770,"40283,43",378711,740123,3067686,2559551,508135,56186,312122,940,1837,7615,6354,1261,139,775
Catamarca,2023,425885,"40283,43",-12056,82718,541598,420865,120733,22191,367783,-30,205,1344,1045,300,55,913
Chaco,2023,1238989,"40283,43",-29415,105256,1082319,901790,180529,56877,684239,-73,261,2687,2239,448,141,1699
Chubut,2023,649330,"40283,43",62639,98816,615545,556026,59519,12150,218237,155,245,1528,1380,148,30,542
Córdoba,2023,3872830,"40283,43",142899,462387,2717205,2307431,409774,96264,1211378,355,1148,6745,5728,1017,239,3007
Corrientes,2023,1148631,"40283,43",-3429,79598,754738,647572,107166,23352,515662,-9,198,1874,1608,266,58,1280
Entre Ríos,2023,1423136,"40283,43",-52075,-5421,1246261,1168046,78215,43666,665770,-129,-13,3094,2900,194,108,1653
Formosa,2023,619240,"40283,43",8188,111010,667422,535524,131898,28591,494631,20,276,1657,1329,327,71,1228
Jujuy,2023,795539,"40283,43",4418,71637,549337,446169,103168,44519,385565,11,178,1364,1108,256,111,957
La Pampa,2023,367207,"40283,43",23716,107974,490427,391752,98675,15870,257678,59,268,1217,972,245,39,640
La Rioja,2023,408760,"40283,43",3601,-4947,398921,345095,53826,22476,278344,9,-12,990,857,134,56,691
Mendoza,2023,2049411,"40283,43",61606,168506,1220416,945310,275106,36198,565166,153,418,3030,2347,683,90,1403
Misiones,2023,1301723,"40283,43",4599,67745,937234,832907,104327,47854,458465,11,168,2327,2068,259,119,1138
Neuquén,2023,688850,"40283,43",36633,84408,1406651,1299231,107420,19829,239127,91,210,3492,3225,267,49,594
Río Negro,2023,775610,"40283,43",708,-3795,562592,536882,25710,20821,340777,2,-9,1397,1333,64,52,846
Salta,2023,1476539,"40283,43",32118,47489,840705,791086,49619,38506,530319,80,118,2087,1964,123,96,1316
San Juan,2023,805830,"40283,43",22200,94208,665212,556450,108762,21968,454112,55,234,1651,1381,270,55,1127
San Luis,2023,527023,"40283,43",-75650,115060,511335,301901,209434,13746,304525,-188,286,1269,749,520,34,756
Santa Cruz,2023,392904,"40283,43",-17939,-24134,584456,580141,4315,25340,216091,-45,-60,1451,1440,11,63,536
Santa Fe,2023,3616227,"40283,43",-100903,17869,2592026,2370119,221907,93634,1245283,-250,44,6434,5884,551,232,3091
Santiago del Estero,2023,1007830,"40283,43",70081,268412,674557,423619,250938,29630,561594,174,666,1675,1052,623,74,1394
Tierra del Fuego,2023,186285,"40283,43",1716,5350,385170,354338,30832,12063,165995,4,13,956,880,77,30,412
Tucumán,2023,1753523,"40283,43",-34451,66677,1020871,887527,133344,51282,646792,-86,166,2534,2203,331,127,1606
Buenos Aires,2024,18200851,"87737,31",-698711,120326,25576060,24034723,1541337,571578,9368303,-796,137,29151,27394,1757,651,10678
C.A.B.A.,2024,3085483,"87737,31",513398,1831939,9147161,7691618,1455543,580925,926656,585,2088,10426,8767,1659,662,1056
Catamarca,2024,429208,"87737,31",-29149,185490,1388562,1151316,237246,14150,1086045,-33,211,1583,1312,270,16,1238
Chaco,2024,1249992,"87737,31",-144481,-27818,2989507,2799198,190309,41534,2010145,-165,-32,3407,3190,217,47,2291
Chubut,2024,659284,"87737,31",88754,206442,1862934,1698425,164509,11806,645728,101,235,2123,1936,188,13,736
Córdoba,2024,3909489,"87737,31",507211,1469029,7556912,6379910,1177002,52276,3565933,578,1674,8613,7272,1342,60,4064
Corrientes,2024,1157386,"87737,31",26481,310217,2094055,1795520,298535,19586,1516097,30,354,2387,2046,340,22,1728
Entre Ríos,2024,1435177,"87737,31",28565,22086,3288944,3211844,77100,32390,1959381,33,25,3749,3661,88,37,2233
Formosa,2024,623605,"87737,31",49328,349435,1693207,1388270,304937,7475,1456963,56,398,1930,1582,348,9,1661
Jujuy,2024,803507,"87737,31",248314,430484,1411720,1161201,250519,86424,1135513,283,491,1609,1323,286,99,1294
La Pampa,2024,370047,"87737,31",,,,,0,,762168,0,0,0,0,0,0,869
La Rioja,2024,413735,"87737,31",42862,94855,924849,854393,70456,6847,822191,49,108,1054,974,80,8,937
Mendoza,2024,2068396,"87737,31",200293,505130,3054555,2653350,401205,31974,1664046,228,576,3481,3024,457,36,1897
Misiones,2024,1314714,"87737,31",8913,140723,2624202,2478993,145209,59725,1347643,10,160,2991,2825,166,68,1536
Neuquén,2024,696833,"87737,31",450596,617793,4339711,4071474,268237,7890,709052,514,704,4946,4641,306,9,808
Río Negro,2024,784715,"87737,31",35423,22637,1597200,1563795,33405,11098,1008318,40,26,1820,1782,38,13,1149
Salta,2024,1493448,"87737,31",136344,210518,2236388,2101710,134678,26765,1556021,155,240,2549,2395,154,31,1774
San Juan,2024,813878,"87737,31",246485,355747,1571842,1442178,129664,15241,1339434,281,405,1792,1644,148,17,1527
San Luis,2024,533137,"87737,31",165258,468159,1044405,728113,316292,6595,902582,188,534,1190,830,360,8,1029
Santa Cruz,2024,401984,"87737,31",34352,42610,1606247,1595666,10581,33826,640871,39,49,1831,1819,12,39,730
Santa Fe,2024,3642063,"87737,31",185834,638542,7021445,6351804,669641,85732,3662406,212,728,8003,7240,763,98,4174
Santiago del Estero,2024,1017428,"87737,31",,,,,0,,1653349,0,0,0,0,0,0,1884
Tierra del Fuego,2024,190601,"87737,31",11809,36856,1024536,985632,38904,27527,493310,13,42,1168,1123,44,31,562
Tucumán,2024,1772680,"87737,31",194496,319473,2555154,2389461,165693,25330,1901306,222,364,2912,2723,189,29,2167